"";"banalfreq";"X.HDLENS2014";"X.HDLENS2015";"X.HDLENS2016";"X.HDLENS2017";"X.HDLENS2018";"X.HDLENS2019";"X.HDLENS2020";"X.HDLENS2021";"X.HDLENS2022";"X.HDLENS2023";"X.HDLENS2024"
"âmbito";64;1;-1;-1;-1;1;2;1;-1;1;1;-1
"existir";35;1;-1;1;-1;-1;1;1;-2;-1;1;-1
"uma";1477;-1;-1;1;-1;-1;1;-1;-1;1;-1;2
"importante";110;2;1;-1;-2;-1;-1;-1;-1;-1;2;1
"centrar";35;2;-1;-1;-1;-1;-1;1;1;-2;2;1
"dinâmico";31;2;-1;-1;-1;-1;1;-1;-1;-1;1;1
"outro";232;2;-1;-1;-1;-1;2;1;1;-1;1;-2
"parte";138;1;1;1;-1;1;-1;1;2;-1;-1;1
"um";1154;2;2;1;-1;-1;1;1;1;-1;-1;-1
"trabalhar";28;2;-1;1;-1;-1;1;1;1;-1;-1;-1
"modelo";99;2;-1;-1;2;2;-1;1;-1;-1;-1;-1
"por";1558;1;-1;2;1;-2;-2;-1;2;2;1;-2
"buscar";140;1;-1;1;2;1;-1;-2;-2;-1;2;-1
"para";1999;-2;1;-2;-2;-1;1;-2;-1;1;1;2
"problematizar";19;1;-1;1;-1;1;1;-1;1;1;-2;1
"se";1336;-1;1;1;1;1;-1;-1;1;-1;1;-1
"ter";462;1;-1;-1;2;-2;-1;-1;2;1;-1;1
"distinto";10;2;-1;-1;-1;1;-1;-1;-1;1;-1;1
"caso";87;-1;-1;-1;-1;-1;-2;2;-1;1;1;-1
"identificação";33;2;-1;1;-1;-1;1;-1;1;1;-1;1
"além";183;1;-1;-2;1;-1;1;1;1;-1;-1;1
"ele";129;1;1;-1;-1;-2;1;-1;-1;1;1;-1
"compor";43;1;-1;-1;2;-1;2;-1;1;-1;-1;-1
"desenvolver";119;-1;1;-1;1;-1;2;1;-1;-1;-1;1
"este";443;1;-1;1;2;1;-1;-2;1;2;-1;1
"característica";62;1;2;1;2;-1;1;1;-1;1;-1;-1
"propor";67;1;-1;1;1;-1;1;2;1;-1;-1;-1
"teórico";175;1;1;-1;-1;1;1;1;-1;-1;-1;1
"mais";440;-1;-1;-1;1;1;1;2;-1;-2;-1;1
"seu";364;1;-1;-1;-1;-1;1;2;-1;-1;-1;1
"título";15;2;-1;1;-1;2;1;-1;-1;2;-2;-1
"uso";378;-1;1;-1;-2;1;-1;-2;-1;1;2;1
"geral";126;1;1;1;-1;1;1;1;-1;-1;-1;1
"especialmente";47;1;-1;-1;-1;1;-1;-2;-1;-1;1;2
"ao";569;1;-1;-1;-1;-1;-1;1;1;-2;2;-1
"observar";81;-1;2;-1;-1;-1;1;-2;2;1;1;-1
"proposta";105;1;1;-1;1;1;1;1;2;-1;-2;-1
"isso";85;2;1;-1;1;1;-1;1;1;-1;-1;1
"ela";63;1;-1;1;-1;1;-1;1;-1;1;-1;-1
"inclusive";14;2;-1;-1;-1;-1;1;2;-1;1;-1;-1
"pó";60;2;2;-1;-1;-1;-1;1;-1;2;-1;-1
"aplicação";74;-1;1;-1;1;1;2;1;-1;-1;-2;1
"procurar";38;1;1;1;1;-1;-1;1;-2;-1;2;-2
"responder";37;1;1;-1;1;-1;-1;-1;-1;-1;2;-1
"estado";107;1;1;1;2;-1;-1;-1;-1;-1;1;-1
"origem";20;1;-1;-1;1;-1;1;1;1;-1;-2;2
"artístico";21;1;-1;2;2;-1;-1;-1;1;-1;-1;-1
"fim";132;1;-1;1;-1;-1;-1;1;1;1;1;-2
"potencial";65;1;1;-1;-1;-1;-1;2;1;-2;-1;2
"refletir";66;2;1;1;2;1;-1;-1;1;-1;1;-1
"não";378;2;2;-1;-1;1;-1;2;-1;-1;-1;1
"processo";409;1;1;-2;-1;-1;-2;1;-1;1;2;-1
"democrático";19;1;-1;-1;-1;-1;1;-1;1;-1;1;1
"após";53;1;-1;-1;-1;-1;1;1;1;-1;1;-1
"civil";34;2;-1;-1;1;2;1;-1;1;2;-2;-1
"estético";12;2;-1;1;1;-1;1;-1;1;-1;-1;1
"principal";131;1;1;1;-1;-1;-2;1;1;1;1;-1
"pautar";15;2;-1;1;1;2;1;1;-1;-1;-1;-1
"nortear";12;2;-1;-1;-1;-1;1;1;-1;-1;1;1
"grande";159;-1;-1;-1;1;-1;1;-1;1;-1;2;-2
"ponte";15;2;-1;-1;-1;-1;-1;-1;2;-1;2;-1
"reflexão";158;1;-1;-1;-1;1;-1;-1;1;1;1;-1
"estabelecimento";13;2;-1;1;-1;1;1;-1;1;-1;-1;1
"método";131;1;1;1;-1;-1;-1;-1;-1;1;-1;2
"início";31;1;-1;2;-1;-1;1;-1;-1;-1;2;-2
"maioria";35;1;-1;-1;-1;1;1;-1;2;-1;1;-1
"sociedade";193;2;-1;2;1;-1;1;-2;-1;-1;-1;1
"mesmo";125;1;1;-1;-1;-1;-1;1;2;-1;1;-1
"semelhante";12;2;-1;1;-1;1;1;1;1;1;-2;-1
"levar";77;-1;2;-1;-1;-1;-1;1;1;-1;1;-1
"mundial";26;1;-1;1;1;-1;1;1;-1;-1;-1;1
"tecnológico";188;1;-1;-1;1;1;-2;-1;1;-1;-1;2
"acordo";30;1;-1;-1;-1;-1;1;1;-1;1;-1;1
"livro";91;-1;-1;1;-1;-1;-2;-1;1;-1;2;-1
"cultura";106;2;1;2;2;-1;2;-1;-1;-2;-1;1
"crescimento";20;1;-1;-1;-1;-1;1;1;-1;1;-1;1
"formar";19;1;-1;2;-1;1;2;1;-1;-1;-2;-1
"organização";53;1;-1;2;1;2;1;-1;1;-1;-1;-1
"oral";27;1;-1;-1;-1;2;1;-1;-1;-1;2;-1
"realizar";226;1;1;-1;-1;-2;2;-2;1;2;-1;-1
"destaque";21;1;-1;-1;-1;-1;-1;-1;1;1;1;-1
"inspirar";14;2;-1;-1;-1;-1;-1;-1;-1;-1;2;1
"muita";22;1;-1;2;-1;1;-1;2;1;1;-1;-1
"visar";60;1;-1;1;-1;-1;1;-1;-1;1;1;-1
"tomar";38;1;-1;-1;1;-1;1;1;2;1;-2;-1
"possibilitar";53;1;-1;-1;-1;1;1;1;2;2;-1;-1
"tema";148;-1;-1;-1;-1;-1;-1;1;1;2;-1;2
"interagir";20;1;-1;-1;-1;-1;1;-1;-1;1;1;-1
"compartilhar";33;1;-1;1;1;1;1;1;1;-1;1;-2
"assim";205;-1;1;1;1;-1;-2;-1;1;1;2;-1
"marcar";13;2;-1;1;1;-1;1;1;-1;1;-1;-1
"conteúdo";156;1;-1;1;1;-1;1;1;-2;-1;1;-1
"pertinente";26;1;-1;-1;-1;-1;-1;-1;1;1;2;1
"compreensão";54;1;1;-1;1;-1;-1;1;-1;-2;1;1
"denominar";12;2;-1;-1;1;1;-1;1;1;1;-1;1
"atualmente";19;1;-1;-1;-1;-1;1;-1;1;-1;1;-1
"vir";91;-1;-1;1;2;-1;-1;2;1;-2;2;-2
"maior";85;-1;-1;-1;-1;-1;2;1;-1;1;1;-2
"participante";22;1;-1;-1;-1;2;-1;-1;1;1;-1;1
"sucesso";11;2;-1;1;-1;-1;1;-1;1;-1;-2;2
"apresentação";26;1;-1;-1;1;-1;1;-1;1;1;-2;1
"segundo";63;1;-1;2;1;1;1;-1;-1;1;-1;-1
"pessoal";27;2;-1;-1;-1;-1;2;-1;1;1;-1;-1
"lembrar";13;2;-1;-1;-1;-1;1;1;-1;-1;1;-1
"antigo";16;1;-1;-1;1;-1;-1;1;-1;2;-1;-1
"esta";118;-1;1;1;1;1;1;1;-2;1;-2;1
"relacionado";60;1;1;1;2;1;-1;-1;-1;1;-1;-1
"comprovar";23;1;-1;-1;2;-1;1;-1;-1;-1;2;-1
"interação";69;1;-1;-1;-1;-2;1;-1;2;1;-1;-1
"passar";75;-1;1;2;-1;1;1;1;2;1;-1;-2
"comparar";11;2;-1;1;1;-1;1;1;1;1;-2;-1
"diferença";19;1;2;-1;1;-1;-1;1;-1;1;-1;-1
"encontrar";83;-1;-1;-1;1;-1;-1;1;-1;1;1;-1
"qual";215;-1;-1;-2;1;-1;-1;-1;1;2;2;-2
"vida";157;-1;-1;1;-1;-1;1;1;-1;-1;2;-1
"dar";75;2;-1;1;-1;-1;-1;1;1;1;-2;2
"híbrido";18;1;-1;-1;-1;1;-1;-1;1;2;-2;1
"mudança";110;1;1;-2;1;-1;-1;-1;-1;2;1;1
"aspecto";109;1;-1;1;2;-1;2;-1;-1;-1;-1;-1
"mapear";15;2;-1;-1;-1;1;-1;2;-1;1;-1;-1
"algum";69;-1;1;1;2;1;-1;1;-1;1;-1;-1
"observação";28;1;-1;1;1;2;-1;-1;-1;-1;1;-1
"clássico";12;2;-1;-1;1;-1;1;1;1;-1;1;-1
"temática";70;-1;-1;1;-1;1;-1;-1;2;-1;1;-1
"conclusão";40;1;1;-1;-1;-1;1;-1;1;-1;-1;2
"evidência";22;1;-1;-1;1;1;-1;-1;-1;-1;2;-1
"ainda";110;1;1;-1;2;-1;1;1;-1;-1;-2;2
"luta";11;2;-1;-1;1;-1;1;1;-1;-1;-1;1
"múltiplo";28;1;-1;1;1;-1;1;1;1;1;-1;-1
"ampliar";52;1;-1;2;-1;-1;-1;1;1;1;1;1
"participação";47;1;-1;-1;-1;-1;1;-1;-1;2;-1;2
"garantir";38;1;-1;-1;-1;-1;-1;1;-2;1;1;2
"século";73;1;-1;1;1;-1;-1;1;-1;-1;-1;1
"xix";15;2;-1;2;-1;1;-1;1;1;-1;-1;-1
"destinar";21;1;-1;1;-1;-1;-1;1;-1;2;1;-1
"fomentar";18;1;-1;1;-1;-1;-1;1;1;1;-1;1
"posição";14;2;-1;-1;1;1;-1;1;-1;-1;1;-1
"esfera";31;1;-1;-1;-1;-1;1;-1;1;-1;1;1
"família";31;1;-1;-1;-1;1;-1;-1;1;-1;1;1
"perspectiva";146;1;2;-1;1;1;1;1;1;1;-2;-1
"evoluir";10;2;-1;-1;-1;-1;1;-1;1;-1;-1;1
"natureza";63;1;1;-1;1;1;1;-1;-1;1;1;-1
"sempre";21;1;-1;1;1;-1;-1;1;1;-1;1;-1
"complexo";23;1;-1;1;1;2;-1;-1;1;1;-1;1
"aumentar";18;1;-1;-1;-1;-1;-1;-1;-1;2;-1;1
"transformação";118;1;-1;-1;-1;-1;-1;-2;1;-1;2;1
"aprender";50;1;-1;-1;-1;1;2;-1;-1;-1;2;-2
"amplo";38;1;1;-1;-1;-1;1;1;1;-1;-1;1
"sócio";11;2;-1;-1;-1;-1;1;-1;-1;-1;2;-1
"todo";183;-1;1;2;-1;-2;1;-1;-1;1;2;-1
"tic";36;2;-1;-1;-1;-1;-2;1;-1;-1;1;1
"natural";21;1;-1;-1;-1;-1;-1;1;1;1;-2;2
"implicação";31;1;-1;1;-1;1;1;1;-1;-1;1;1
"demais";12;2;-1;-1;-1;-1;1;-1;1;1;-1;1
"oportunidade";60;1;2;-1;-1;-1;1;1;1;-1;-1;2
"benefício";41;1;-1;-1;-1;-1;-2;1;-2;-2;2;1
"ambiente";143;1;1;-1;-1;-1;-1;1;-1;1;-1;2
"contato";31;1;2;-1;1;-1;2;-1;-1;-1;1;-1
"meio";335;-2;-1;1;1;-2;-2;1;1;1;1;1
"efetivo";15;2;-1;-1;-1;2;-1;1;-1;-1;-1;1
"decisão";17;1;-1;-1;-1;-1;-1;-1;1;1;-2;1
"autor";150;1;-1;1;1;-2;-1;1;1;-1;1;-1
"registro";29;1;-1;2;1;2;-1;1;2;1;-2;-2
"xx";18;1;-1;-1;2;-1;-1;-1;1;-1;-1;1
"contribuição";104;-1;-1;-1;-1;-1;1;1;2;1;-1;-1
"direcionar";22;1;-1;-1;-1;-1;-1;-1;-1;1;1;1
"janeiro";17;1;-1;-1;-1;-1;-1;-1;1;2;-1;-1
"principalmente";71;-1;-1;1;1;-1;-1;-1;-1;1;-1;1
"exclusão";17;1;-1;-1;-1;-1;-1;-1;-1;-1;2;-1
"específico";89;-1;2;-1;1;-1;-1;-1;-1;1;1;-1
"breve";39;1;1;1;-1;-1;1;1;1;1;-1;-1
"caracterizar";24;1;-1;-1;-1;2;1;2;1;1;-1;-1
"esse";186;1;-1;1;1;-2;-1;1;1;-1;1;-1
"comumente";13;2;-1;-1;-1;-1;-1;-1;-1;-1;1;1
"expor";44;1;-1;-1;-1;-1;1;-1;-2;1;1;-1
"sustentar";14;2;-1;-1;1;-1;-1;-1;-1;-1;1;1
"entrevista";38;2;-1;-1;1;2;-2;1;1;-1;-1;-1
"horizonte";12;2;-1;1;-1;2;1;-1;1;-1;-2;-1
"textual";72;2;-1;-1;-1;-2;-1;1;-1;-1;2;-1
"procedimento";29;1;2;-1;-1;2;-1;1;-1;1;1;-1
"envolvido";39;2;-1;-1;1;2;1;-1;1;1;-1;-1
"banco";14;2;-1;1;-1;-1;2;1;-1;1;-1;1
"investigação";105;-1;-1;1;-1;1;2;-1;1;1;-2;-1
"material";79;2;-1;-1;1;1;1;1;-1;-1;-1;1
"então";24;1;-1;-1;2;-1;1;-1;1;-1;1;-1
"problema";111;1;-1;1;1;-1;1;-2;-1;1;1;1
"lado";16;1;-1;1;1;-1;-1;-1;2;1;-2;-1
"objeto";65;1;1;-1;2;1;1;1;2;-1;-2;-1
"ler";17;1;-1;1;-1;-1;2;2;1;1;-1;-2
"quando";65;1;-1;1;1;1;-1;1;-2;-1;1;1
"contar";57;1;-1;-1;-1;-1;-1;2;1;-1;1;-2
"lugar";36;1;-1;2;-1;-1;-2;-1;-1;1;1;1
"lei";30;1;-1;1;1;-1;-1;-1;1;1;-1;-1
"determinar";15;2;-1;-1;-1;1;-1;2;-1;1;-1;1
"contemplar";19;1;-1;-1;-1;-1;1;1;-1;1;-1;-1
"colocar";34;1;-1;1;1;-1;-1;1;-1;-1;1;-2
"inicial";46;1;1;-1;-1;-1;-1;-1;1;-1;2;-1
"diretor";12;2;-1;-1;1;-1;-1;1;1;1;-1;-1
"leitura";108;-1;-1;1;-1;-1;1;-1;1;-1;2;-2
"tal";128;-1;-1;1;1;1;1;-1;-1;-1;1;-1
"financeiro";25;1;-1;-1;-1;-1;-1;-1;-1;1;1;2
"fato";41;-1;1;-1;-1;-1;1;1;1;1;-1;-1
"quanto";100;-1;1;-1;1;-1;-1;1;-2;-2;1;2
"disseminação";25;-1;2;-1;1;-1;-1;2;-1;-1;-1;2
"bem";159;-1;-1;2;1;-2;-1;1;-1;1;1;-1
"pouco";32;-1;2;1;-1;-1;-1;1;2;-1;-1;1
"resultar";21;-1;2;-1;-1;2;-1;-1;-1;1;-1;2
"utilizar";290;-2;1;-1;-1;2;-1;1;-2;2;-1;1
"experiência";141;-1;1;-1;-1;-1;-1;-1;1;1;1;1
"município";21;-1;2;-1;-1;1;-1;-1;-1;2;1;-1
"mercado";28;-1;2;1;-1;2;-1;1;-1;-1;-2;2
"espaço";104;-1;1;1;-1;1;1;-1;1;-1;-1;-1
"conjunto";51;-1;1;-1;1;1;-1;1;-1;1;-2;1
"emergente";28;-1;2;-1;-1;-1;1;1;-1;1;-2;1
"constituição";35;-1;1;-1;1;-1;2;1;-1;-1;1;-1
"existente";24;-1;2;-1;1;1;1;-1;1;-1;-2;2
"difusão";18;-1;2;1;-1;-1;-1;2;1;-1;-1;1
"intervenção";19;-1;2;2;-1;1;-1;-1;-1;1;-1;1
"selecionar";40;-1;1;-1;1;-1;1;1;-1;-1;-1;1
"acercar";22;-1;2;-1;2;1;1;-1;1;2;-1;-2
"analítico";20;-1;2;-1;1;1;-1;-1;-1;-1;-1;2
"evitar";10;-1;-1;1;-1;-1;1;2;1;-1;-1;-1
"ii";20;-1;-1;2;-1;1;1;-1;-1;-1;1;1
"elucidar";14;-1;-1;1;-1;-1;1;-1;2;1;-1;-1
"superar";31;-1;-1;1;1;1;-1;-1;-1;-1;1;1
"força";17;-1;-1;1;-1;-1;-1;2;-1;1;-1;1
"revelar";35;-1;-1;1;2;-1;-1;1;-2;-1;-1;1
"muito";95;-1;-1;-1;-1;2;1;1;-2;-1;1;-2
"devido";42;-1;-1;1;-1;-1;-1;1;-1;1;-1;1
"constante";49;-1;-1;-1;-1;-1;1;-1;-1;-2;2;1
"mil";13;-1;-1;1;-1;-1;-1;1;-1;1;1;-1
"básico";51;-1;-1;1;1;1;-2;-1;-1;1;1;1
"físico";70;-1;-1;1;1;-1;2;-2;-1;1;1;-1
"disponível";37;-1;-1;2;-1;-1;-2;-1;1;-1;1;-1
"entanto";41;-1;-1;1;-1;-1;-1;-1;-1;2;-1;1
"viabilizar";15;-1;-1;2;-1;-1;-1;-1;-1;1;2;-1
"explicar";15;-1;-1;1;-1;2;1;-1;-1;-1;1;-1
"advento";12;-1;-1;1;-1;1;1;1;1;-1;-2;1
"ajudar";13;-1;-1;1;-1;-1;-1;-1;1;-1;1;1
"informar";10;-1;-1;1;-1;-1;1;-1;1;-1;-1;2
"situação";35;-1;-1;1;-1;-1;-1;2;-1;1;1;-2
"conhecer";33;-1;-1;1;-1;-1;1;-1;-1;-1;1;1
"passado";29;-1;-1;1;-1;-1;-1;1;-1;-1;2;-1
"reduzir";11;-1;-1;1;-1;-1;-1;1;-1;1;1;-1
"direto";12;-1;-1;1;-1;1;1;-1;-1;-1;1;1
"viver";43;-1;-1;-1;-1;2;2;1;1;1;-2;-1
"administração";10;-1;-1;1;-1;-1;-1;2;-1;-1;-1;1
"programa";62;-1;-1;1;1;-1;-1;1;2;2;-2;-1
"planejamento";29;-1;-1;2;1;-1;-1;-1;-1;-1;1;1
"sobretudo";25;-1;-1;1;-1;-1;1;-1;1;-1;-1;2
"contribuir";132;-1;-1;-1;-1;2;-1;-1;1;-1;2;-1
"ordem";12;-1;-1;1;-1;1;1;1;1;-1;-1;2
"autoridade";13;-1;-1;1;-1;1;-1;1;1;-1;1;1
"serviço";31;-1;-1;1;-1;-1;-1;1;1;-1;-1;2
"metodologicamente";13;-1;-1;1;-1;-1;1;1;1;-1;-1;1
"conduzir";26;-1;-1;1;-1;-1;-1;-1;1;-1;2;-1
"governo";12;-1;-1;1;-1;1;-1;-1;2;-1;-1;1
"federal";75;-1;-1;-1;1;2;-1;-1;1;1;1;-1
"componente";18;-1;-1;1;2;-1;-1;-1;-1;-1;2;-1
"ativo";67;-1;-1;1;-1;-2;-2;-1;2;-1;1;2
"apenas";82;-1;-1;-1;-1;2;-1;-1;1;-1;1;1
"2";43;-1;-1;-1;-1;1;2;2;2;1;-2;-1
"sugerir";20;-1;-1;2;-1;-1;1;-1;1;-1;-2;2
"máquina";14;-1;-1;1;-1;-1;-1;1;-1;1;1;1
"conectar";34;-1;-1;1;-1;-1;2;-1;1;-1;1;-1
"crítico";45;-1;-1;1;2;1;-1;-1;-1;1;-1;-1
"caminho";35;-1;-1;1;1;1;2;-1;1;1;-1;-1
"socialização";14;-1;-1;1;-1;-1;-1;1;-1;-1;2;-1
"tão";17;-1;-1;1;-1;-1;-1;-1;-1;1;1;2
"escolher";11;-1;-1;1;-1;-1;-1;1;-1;2;-1;1
"acompanhar";21;-1;-1;2;-1;-1;2;1;-1;1;-1;-1
"articulação";15;-1;-1;1;1;1;-1;-1;-1;-1;2;-1
"difícil";14;-1;-1;1;-1;-1;-1;-1;2;-1;2;-1
"percurso";27;-1;-1;1;1;-1;1;-1;-1;-1;1;-1
"elaborar";38;-1;-1;1;1;-1;-2;1;1;1;1;-1
"valorização";19;-1;-1;1;-1;-1;-1;1;-1;-1;2;-1
"ética";18;-1;-1;1;1;-1;1;-1;1;2;-1;-1
"abranger";24;-1;-1;1;-1;1;-1;1;1;1;-2;1
"evidenciar";77;-1;-1;1;1;1;-1;-1;1;-1;-1;2
"atribuir";10;-1;-1;1;1;1;-1;1;-1;-1;-1;1
"ético";19;-1;-1;1;1;1;2;-1;-1;-1;-2;1
"representar";63;-1;-1;1;-1;1;-2;-1;-2;-1;1;1
"2002";17;-1;-1;2;-1;-1;-1;-1;1;-1;1;-1
"2004";16;-1;-1;1;-1;1;-1;-1;1;1;1;-1
"utilização";81;-1;-1;-1;-1;-1;-1;1;1;-1;2;-1
"estágio";26;-1;-1;1;-1;-1;1;-1;-1;1;2;-1
"faculdade";10;-1;-1;1;-1;-1;-1;-1;-1;1;2;-1
"inspiração";12;-1;-1;1;-1;-1;-1;1;-1;-1;2;1
"voltar";31;-1;-1;1;1;-1;-1;-1;-1;1;2;-1
"especial";28;-1;-1;1;-1;-1;-1;1;2;-1;-1;1
"moral";17;-1;-1;2;1;-1;-1;-1;-1;1;1;-1
"construir";85;-1;-1;-1;-1;-1;-1;1;1;-1;1;-1
"cercar";14;-1;-1;1;-1;-1;1;-1;-1;1;1;-1
"assunto";34;-1;-1;1;-1;1;1;1;2;-1;-1;-1
"seguir";47;-1;-1;-1;-1;-1;-1;1;-1;1;2;-2
"passo";11;-1;-1;1;-1;2;1;1;1;-1;-1;-1
"chegar";15;-1;-1;2;-1;-1;-1;1;1;-1;1;-1
"inúmero";17;-1;-1;1;1;-1;-1;-1;-1;1;2;-2
"gerar";58;-1;-1;-1;-1;1;1;1;-1;1;1;-1
"operar";17;-1;-1;1;-1;-1;-1;-1;-1;1;2;-1
"imediato";11;-1;-1;1;-1;-1;-1;1;1;-1;1;-1
"empresa";23;-1;-1;2;-1;-1;-1;2;1;1;1;-1
"maneira";68;-1;-1;1;1;1;1;-1;1;1;-1;-1
"formação";222;-2;-1;-1;-2;-2;-1;-1;-2;1;2;2
"hipótese";15;-1;-1;2;-1;-1;2;-1;2;-1;-2;-1
"qualquer";22;-1;-1;1;1;1;1;-1;1;1;-2;1
"formato";40;-1;-1;-1;-1;1;2;-1;1;-1;1;1
"assumir";26;-1;-1;1;-1;1;1;-1;1;-1;1;-1
"entender";70;-1;-1;1;2;1;-2;-2;-1;1;2;-1
"menos";12;-1;-1;1;1;2;1;1;1;-1;-1;-1
"superior";41;-1;-1;-1;-1;1;-2;-2;-1;2;2;-1
"extremo";14;-1;-1;1;-1;-1;1;1;-1;-1;2;-1
"me";11;-1;-1;1;-1;1;1;-1;1;1;-1;-1
"dizer";34;-1;-1;1;-1;1;-1;-1;-2;1;2;-1
"autoral";11;-1;-1;1;-1;1;1;1;-1;-1;1;-1
"justiça";20;-1;-1;2;1;-1;-1;-1;1;-1;-1;1
"raciocínio";12;-1;-1;1;-1;-1;-1;-1;1;-1;2;-1
"lidar";32;-1;-1;1;1;-1;1;-1;-1;-1;2;-1
"maria";30;-1;-1;1;-1;-1;-1;-1;1;1;2;-1
"junto";24;-1;-1;1;-1;1;-1;1;-1;-1;1;1
"legal";19;-1;-1;1;-1;-1;1;-1;-1;-1;-1;1
"relatar";17;-1;-1;1;-1;-1;-1;-1;2;1;-1;-1
"2007";20;-1;-1;1;-1;-1;-1;1;-1;-1;1;1
"preciso";15;-1;-1;1;-1;-1;2;1;2;-1;-1;-1
"rápido";21;-1;-1;2;2;1;1;-1;1;-1;-2;2
"real";23;-1;-1;1;-1;1;2;1;-1;-1;-1;1
"defender";19;-1;-1;1;-1;-1;2;1;-1;-1;-1;1
"propósito";15;-1;-1;1;-1;-1;-1;-1;-1;1;1;-1
"recente";23;-1;-1;1;1;1;1;1;1;1;-2;-1
"luz";26;-1;-1;1;-1;-1;-1;-1;1;1;-1;2
"transformar";37;-1;-1;-1;-1;-1;1;-1;1;-1;1;1
"algo";31;-1;-1;1;1;-1;-1;-1;-1;-1;2;1
"lançar";11;-1;-1;1;-1;-1;1;-1;1;1;-1;1
"letra";23;-1;-1;1;-1;1;1;-1;-1;1;1;-1
"historiográfico";12;-1;-1;1;-1;-1;-1;-1;1;-1;1;1
"fator";34;-1;-1;1;1;-1;1;-1;1;-1;1;-1
"interferir";12;-1;-1;1;-1;1;1;-1;1;2;-2;1
"discursivo";22;-1;-1;1;-1;1;-1;-1;-1;-1;1;1
"morte";11;-1;-1;1;-1;-1;-1;1;-1;-1;1;1
"isto";17;-1;-1;1;1;-1;-1;-1;1;1;1;-1
"ponto";36;-1;-1;1;1;2;1;-1;-1;1;-1;-1
"partida";11;-1;-1;1;-1;-1;-1;-1;2;2;-1;-1
"autonomia";13;-1;-1;1;1;-1;1;1;-1;1;-1;1
"publicar";52;-1;-1;1;1;1;-1;1;2;-1;-2;1
"encontro";14;-1;-1;1;-1;-1;1;1;2;1;-1;-1
"pilar";18;-1;-1;1;-1;1;-1;-1;-1;-1;2;1
"rio";26;-1;-1;1;1;-1;-1;2;1;1;1;-1
"conceição";10;-1;-1;1;-1;-1;-1;-1;-1;-1;2;-1
"gomes";11;-1;-1;1;-1;-1;-1;-1;-1;-1;2;-1
"aplicado";22;-1;-1;1;1;1;1;1;-1;-1;-2;1
"josé";17;-1;-1;1;1;-1;-1;-1;-1;1;1;-1
"referente";27;-1;-1;1;-1;-1;1;-1;-1;1;1;-1
"dividir";11;-1;-1;1;-1;1;-1;-1;1;1;-1;1
"crucial";17;-1;-1;1;2;-1;-1;1;-1;-1;-1;2
"entendimento";15;-1;-1;1;1;2;1;-1;-1;1;-2;1
"mão";15;-1;-1;1;-1;-1;-1;1;-1;1;1;-1
"adotado";16;-1;-1;1;-1;-1;-1;-1;-1;-1;2;1
"estrutural";16;-1;-1;1;-1;-1;1;-1;-1;2;-2;1
"objetivar";14;-1;-1;1;-1;2;1;1;-1;1;-1;1
"2009";34;-1;-1;1;-1;-1;1;1;1;1;-1;1
"visão";45;-1;-1;-1;2;-1;-1;1;-1;-2;1;2
"medida";26;-1;-1;1;-1;-1;1;1;1;1;-2;2
"perceber";36;-1;-1;1;1;-1;-1;2;1;1;1;-1
"consequentemente";19;-1;-1;1;-1;1;1;-1;-1;1;-2;1
"nível";37;-1;-1;-1;1;-1;-2;1;-1;-1;-1;1
"descritivo";45;-1;-1;-1;-1;2;-1;-1;-1;1;1;-1
"profissional";93;-1;-1;-1;-1;-1;-1;1;-1;1;-1;1
"google";33;-1;-1;1;-1;-1;-1;-1;-1;2;1;1
"resposta";28;-1;-1;-1;1;-1;-1;-1;1;-1;-1;2
"emergência";22;-1;-1;-1;1;2;-1;-1;-1;-1;1;-1
"aproximar";10;-1;-1;-1;1;1;1;-1;-1;-1;-1;1
"aprendizado";62;-1;-1;-1;1;-1;-1;-1;-2;1;2;1
"incorporar";16;-1;-1;-1;1;-1;1;-1;1;-1;-1;2
"domínio";24;-1;-1;-1;1;2;1;-1;1;1;-2;1
"turma";20;-1;-1;-1;1;-1;-1;-1;1;-1;2;-1
"digitalizar";15;-1;-1;-1;1;1;-1;2;2;-1;-1;-1
"referência";42;-1;-1;-1;-1;-1;2;-2;1;1;1;-1
"relevância";40;-1;-1;-1;1;-1;-1;1;-1;2;-2;2
"aliado";20;-1;-1;-1;1;-1;1;-1;-1;1;1;1
"adaptação";48;-1;-1;-1;1;-1;-1;-1;-1;-2;2;2
"bahia";15;-1;-1;-1;1;1;1;-1;-1;1;-1;-1
"central";30;-1;-1;-1;1;-1;-1;-1;-1;-1;1;2
"definir";23;-1;-1;-1;1;1;-1;-1;-1;-1;-1;1
"próximo";11;-1;-1;-1;1;-1;-1;1;2;1;-1;-1
"aplicar";43;-1;-1;-1;1;-1;-1;1;-1;-1;1;1
"qualidade";76;-1;-1;-1;1;-1;-1;-1;-1;1;-1;2
"ver";60;-1;-1;-1;1;1;-1;1;1;1;-1;-1
"avanço";54;-1;-1;-1;1;-1;-2;1;-1;1;1;1
"norteador";15;-1;-1;-1;1;-1;-1;-1;-1;-1;1;1
"menor";12;-1;-1;-1;1;-1;1;-1;1;-1;-1;2
"pesquisar";24;-1;-1;-1;1;1;-1;-1;-1;1;1;-1
"reflexivo";19;-1;-1;-1;1;-1;1;-1;-1;-1;2;-1
"futuro";87;-1;-1;-1;-1;-1;-1;1;-1;-1;2;1
"amostra";13;-1;-1;-1;1;-1;2;2;1;1;-2;1
"guerra";15;-1;-1;-1;1;-1;-1;-1;-1;1;1;1
"antes";26;-1;-1;-1;1;-1;-1;1;-1;1;2;-1
"continuidade";20;-1;-1;-1;1;-1;-1;1;1;1;-1;1
"fundamentar";16;-1;-1;-1;1;-1;-1;-1;-1;1;2;-1
"continuar";29;-1;-1;-1;1;-1;-1;-1;-1;-1;1;1
"xxi";29;-1;-1;-1;1;-1;-1;1;-1;-1;1;2
"olhar";37;-1;-1;-1;1;1;-1;-1;-1;1;1;-1
"particular";15;-1;-1;-1;1;2;-1;1;1;-1;-1;-1
"diário";18;-1;-1;-1;1;-1;1;2;-1;-1;1;-2
"intenção";22;-1;-1;-1;2;-1;-1;2;-1;-1;1;-1
"africano";14;-1;-1;-1;1;-1;-1;1;-1;-1;2;-1
"conseguir";31;-1;-1;-1;1;-1;-1;-1;1;-1;2;-1
"motivação";27;-1;-1;-1;1;-1;-1;-1;-1;1;-1;2
"psicologia";10;-1;-1;-1;1;-1;-1;-1;-1;1;1;-1
"avançado";15;-1;-1;-1;1;-1;-1;-1;2;1;-1;-1
"dispositivo";26;-1;-1;-1;2;-1;2;-1;1;1;-1;1
"consumo";22;-1;-1;-1;2;-1;-1;2;-1;1;-1;1
"controlar";13;-1;-1;-1;1;-1;1;-1;1;1;-1;1
"lógico";12;-1;-1;-1;1;-1;-1;-1;1;-1;2;-1
"razão";13;-1;-1;-1;1;1;1;1;1;-1;-2;1
"proveniente";12;-1;-1;-1;1;2;1;2;-1;-1;-1;-1
"narrativa";28;-1;-1;-1;1;2;-1;1;1;-2;-1;2
"realização";42;-1;-1;-1;-1;1;-1;-1;1;1;2;-2
"informática";12;-1;-1;-1;1;1;-1;2;-1;1;-2;1
"capacitação";16;-1;-1;-1;1;-1;-1;-1;-1;-1;1;2
"alcance";11;-1;-1;-1;1;-1;1;-1;-1;1;-1;2
"claro";17;-1;-1;-1;1;-1;1;-1;-1;-1;1;1
"embasar";14;-1;-1;-1;1;1;-1;1;-1;-1;1;-1
"doutorado";21;-1;-1;-1;1;1;1;2;-1;1;-1;1
"matéria";26;-1;-1;-1;1;-1;-1;-1;1;-1;2;-1
"tarefa";23;-1;-1;-1;1;-1;1;1;-1;-2;2;-1
"completo";12;-1;-1;-1;1;-1;1;2;-1;-1;1;1
"apontado";13;-1;-1;-1;1;-1;1;1;-1;-1;2;-1
"costa";14;-1;-1;-1;1;-1;-1;1;-1;-1;2;1
"operação";10;-1;-1;-1;-1;1;1;-1;-1;-1;1;-1
"realidade";88;-1;-1;-1;-1;1;1;2;-1;1;1;-1
"devidamente";11;-1;-1;-1;-1;1;1;-1;-1;-1;1;1
"intuito";14;-1;-1;-1;-1;2;1;2;-1;-1;-1;-1
"esperar";16;-1;-1;-1;-1;1;-1;-1;-1;1;1;1
"documental";52;-1;-1;-1;-1;-1;2;1;-1;1;1;-2
"2011";15;-1;-1;-1;-1;1;-1;-1;2;1;-2;2
"emergir";29;-1;-1;-1;-1;2;-1;-1;-1;-1;1;1
"quantitativo";19;-1;-1;-1;-1;1;1;-1;-1;-1;1;1
"recuperar";12;-1;-1;-1;-1;2;2;1;1;-1;-2;-1
"software";40;-1;-1;-1;-1;-1;1;1;1;1;-1;1
"revisar";10;-1;-1;-1;-1;1;1;-1;1;-1;-1;1
"somente";17;-1;-1;-1;-1;2;-1;-1;-1;-1;2;-1
"aprimoramento";11;-1;-1;-1;-1;1;-1;1;-1;1;1;1
"orientar";14;-1;-1;-1;-1;1;2;1;-1;1;-1;1
"imprescindível";14;-1;-1;-1;-1;1;-1;1;-1;1;2;-1
"4";15;-1;-1;-1;-1;1;1;1;1;-1;-2;1
"5";19;-1;-1;-1;-1;1;1;-1;1;1;-2;1
"proporcionar";35;-1;-1;-1;-1;1;-1;-1;-1;-1;1;1
"fornecer";61;-1;-1;-1;-1;1;-2;1;-2;-1;1;2
"didático";64;-1;-1;-1;-1;1;1;-1;-1;-1;1;1
"implementar";17;-1;-1;-1;-1;1;-1;-1;-1;-1;1;2
"voltado";13;-1;-1;-1;-1;1;-1;-1;1;-1;2;-1
"compensar";14;-1;-1;-1;-1;1;-1;1;-1;-1;2;-1
"atuar";26;-1;-1;-1;-1;-1;1;1;1;-1;1;-1
"dissertação";12;-1;-1;-1;-1;1;-1;1;1;-1;-1;1
"sites";11;-1;-1;-1;-1;1;1;1;-1;-1;-1;1
"atualização";16;-1;-1;-1;-1;1;2;1;-1;-1;-1;1
"classe";13;-1;-1;-1;-1;2;1;1;1;1;-2;1
"seguida";20;-1;-1;-1;-1;1;1;1;-1;-1;1;-1
"propriedade";12;-1;-1;-1;-1;1;1;-1;-1;-1;1;2
"existência";14;-1;-1;-1;-1;1;1;1;-1;1;1;-1
"melhoria";34;-1;-1;-1;-1;-1;-1;-1;-1;-1;2;2
"só";21;-1;-1;-1;-1;1;-1;-1;-1;-1;1;1
"experimentar";10;-1;-1;-1;-1;1;-1;1;-1;1;1;-1
"dedutivo";12;-1;-1;-1;-1;1;1;-1;-1;-1;1;1
"visual";25;-1;-1;-1;-1;1;2;1;2;-1;-2;1
"santana";15;-1;-1;-1;-1;1;-1;-1;-1;-1;2;-1
"coleta";46;-1;-1;-1;-1;-1;1;1;-1;-1;1;1
"vário";26;-1;-1;-1;-1;-1;1;1;-1;1;-1;1
"municipal";25;-1;-1;-1;-1;1;1;-1;-1;-1;2;-1
"estadual";27;-1;-1;-1;-1;-1;1;-1;-1;-1;2;-1
"articulado";10;-1;-1;-1;-1;1;1;2;1;-1;-1;-1
"critério";19;-1;-1;-1;-1;1;1;-1;1;-1;1;-1
"alto";20;-1;-1;-1;-1;1;2;1;-1;1;-2;1
"circulação";11;-1;-1;-1;-1;1;1;1;1;-1;-1;-1
"controlo";24;-1;-1;-1;-1;1;1;-1;-1;-1;-1;2
"quatro";23;-1;-1;-1;-1;2;-1;-1;-1;1;1;-1
"latino";20;-1;-1;-1;-1;2;-1;2;-1;-1;-1;2
"estúdio";14;-1;-1;-1;-1;1;1;2;1;-1;-1;-1
"modalidade";27;-1;-1;-1;-1;1;1;-1;-1;-1;1;1
"dedicar";14;-1;-1;-1;-1;-1;1;1;1;1;-1;-1
"finalidade";19;-1;-1;-1;-1;-1;-1;1;-1;-1;2;-1
"identificado";15;-1;-1;-1;-1;-1;2;-1;-1;1;-1;1
"desinformação";16;-1;-1;-1;-1;-1;-1;-1;2;1;-1;1
"graduação";38;-1;-1;-1;-1;-1;-1;2;-1;2;-1;-1
"custo";13;-1;-1;-1;-1;-1;2;-1;1;-1;-1;1
"processamento";12;-1;-1;-1;-1;-1;2;1;-1;1;-2;1
"2015";34;-1;-1;-1;-1;-1;1;2;1;1;-2;1
"debater";12;-1;-1;-1;-1;-1;1;1;1;-1;1;1
"lacuna";10;-1;-1;-1;-1;-1;1;-1;-1;1;-1;1
"2010";28;-1;-1;-1;-1;-1;-1;1;1;-1;2;-2
"sociocultural";16;-1;-1;-1;-1;-1;2;-1;-1;-1;2;-1
"diretamente";12;-1;-1;-1;-1;-1;2;-1;1;2;-2;-1
"acarretar";12;-1;-1;-1;-1;-1;1;-1;1;-1;2;-1
"incerto";11;-1;-1;-1;-1;-1;1;-1;-1;-1;2;-1
"atender";47;-1;-1;-1;-1;-1;1;-1;-1;2;-1;2
"oficial";11;-1;-1;-1;-1;-1;1;1;2;-1;-1;1
"assistir";10;-1;-1;-1;-1;-1;1;1;-1;2;-2;1
"situar";10;-1;-1;-1;-1;-1;1;1;1;-1;-1;-1
"excluir";13;-1;-1;-1;-1;-1;1;-1;-1;-1;2;1
"fluxo";23;-1;-1;-1;-1;-1;2;-1;1;-1;1;-1
"pauta";12;-1;-1;-1;-1;-1;1;1;-1;-1;2;-1
"seguinte";25;-1;-1;-1;-1;-1;1;-1;-1;1;2;1
"simbólico";11;-1;-1;-1;-1;-1;1;1;1;-1;-1;-1
"coisa";12;-1;-1;-1;-1;-1;1;-1;1;-1;2;-1
"deficiência";10;-1;-1;-1;-1;-1;1;1;-1;-1;1;1
"abrangente";11;-1;-1;-1;-1;-1;1;-1;1;-1;1;2
"par";10;-1;-1;-1;-1;-1;1;-1;1;-1;-2;2
"integral";12;-1;-1;-1;-1;-1;1;-1;-1;1;1;1
"distribuição";12;-1;-1;-1;-1;-1;1;1;-1;2;-1;1
"equipa";12;-1;-1;-1;-1;-1;1;1;-1;1;1;1
"diversidade";19;-1;-1;-1;-1;-1;-1;1;-1;1;1;1
"mobilizar";19;-1;-1;-1;-1;-1;1;1;1;-1;-1;1
"afeto";14;-1;-1;-1;-1;-1;1;-1;-1;-1;1;1
"gamificação";17;-1;-1;-1;-1;-1;1;-1;-1;-1;1;1
"compromisso";12;-1;-1;-1;-1;-1;1;2;2;-1;-1;-1
"socioeconômico";10;-1;-1;-1;-1;-1;1;-1;1;-1;1;-1
"parceria";19;-1;-1;-1;-1;-1;1;-1;-1;-1;2;-1
"esforço";12;-1;-1;-1;-1;-1;1;2;1;-1;-1;1
"idade";11;-1;-1;-1;-1;-1;1;-1;-1;-1;-1;2
"levantar";11;-1;-1;-1;-1;-1;1;-1;1;-1;-1;1
"urgente";21;-1;-1;-1;-1;-1;1;1;-1;-1;1;-1
"2019";40;-1;-1;-1;-1;-1;1;-2;1;1;1;1
"tratado";15;-1;-1;-1;-1;-1;1;2;-1;-1;1;-1
"mau";11;-1;-1;-1;-1;-1;1;-1;-1;1;2;-1
"consequência";25;-1;-1;-1;-1;-1;-1;2;1;-1;1;-1
"especialista";13;-1;-1;-1;-1;-1;2;1;1;-1;-1;1
"significado";19;-1;-1;-1;-1;-1;-1;1;-1;-1;1;1
"1988";14;-1;-1;-1;-1;-1;1;1;-1;-1;2;-1
"prever";10;-1;-1;-1;-1;-1;1;-1;-1;2;1;-1
"cumprir";18;-1;-1;-1;-1;-1;-1;-1;2;-1;-1;1
"proteção";18;-1;-1;-1;-1;-1;-1;-1;-1;1;1;1
"ganhar";16;-1;-1;-1;-1;-1;-1;1;-1;1;1;-1
"impactar";29;-1;-1;-1;-1;-1;-1;-1;1;1;1;1
"amazona";10;-1;-1;-1;-1;-1;-1;2;1;-1;1;-1
"reforçar";15;-1;-1;-1;-1;-1;-1;2;-1;-1;1;1
"fundamento";10;-1;-1;-1;-1;-1;-1;2;-1;-1;-1;2
"convidar";16;-1;-1;-1;-1;-1;-1;2;1;-1;2;-2
"tese";17;-1;-1;-1;-1;-1;-1;1;1;1;-1;2
"pandêmico";21;-1;-1;-1;-1;-1;-1;-1;2;-1;1;-1
"jornada";17;-1;-1;-1;-1;-1;-1;2;-1;-1;2;-1
"preocupação";10;-1;-1;-1;-1;-1;-1;1;-1;-1;1;2
"substituir";12;-1;-1;-1;-1;-1;-1;1;-1;-1;2;-1
"criatividade";17;-1;-1;-1;-1;-1;-1;1;-1;-1;2;-1
"2021";38;-1;-1;-1;-1;-1;-2;-1;1;2;-1;2
"curricular";35;-1;-1;-1;-1;-1;-1;-1;1;-1;1;2
"propagação";11;-1;-1;-1;-1;-1;-1;1;1;-1;-1;2
"familiar";23;-1;-1;-1;-1;-1;-1;-1;1;2;1;-1
"desafiador";13;-1;-1;-1;-1;-1;-1;1;-1;-1;1;1
"vídeo";18;-1;-1;-1;-1;-1;-1;2;1;1;-1;1
"notável";13;-1;-1;-1;-1;-1;-1;1;-1;-1;1;1
"multimídia";17;-1;-1;-1;-1;-1;-1;-1;-1;-1;1;2
"monitoramento";16;-1;-1;-1;-1;-1;-1;-1;1;-1;1;2
"recorrente";11;-1;-1;-1;-1;-1;-1;1;2;1;-1;1
"apoiar";14;-1;-1;-1;-1;-1;-1;1;-1;-1;1;1
"comprometido";12;-1;-1;-1;-1;-1;-1;1;-1;-1;2;1
"vítima";10;-1;-1;-1;-1;-1;-1;1;-1;2;-1;1
"transição";12;-1;-1;-1;-1;-1;-1;1;2;1;-2;1
"vírus";12;-1;-1;-1;-1;-1;-1;1;1;-1;2;-1
"branco";20;-1;-1;-1;-1;-1;-1;1;2;-1;1;1
"capitalista";12;-1;-1;-1;-1;-1;-1;1;2;-1;-1;2
"coletado";12;-1;-1;-1;-1;-1;-1;1;1;2;-1;1
"imposto";16;-1;-1;-1;-1;-1;-1;-1;1;-1;2;-1
"emprego";17;-1;-1;-1;-1;-1;-1;-1;1;1;1;-1
"estilo";11;-1;-1;-1;-1;-1;-1;-1;1;-1;1;1
"afetar";10;-1;-1;-1;-1;-1;-1;-1;1;1;1;1
"trabalhista";13;-1;-1;-1;-1;-1;-1;-1;1;1;1;1
"pedra";11;-1;-1;-1;-1;-1;-1;-1;2;-1;2;-1
"tdic";23;-1;-1;-1;-1;-1;-1;-1;1;-1;2;1
"terror";10;-1;-1;-1;-1;-1;-1;-1;1;-1;2;-1
"distanciamento";16;-1;-1;-1;-1;-1;-1;-1;2;-1;2;-1
"transmitir";14;-1;-1;-1;-1;-1;-1;-1;-1;-1;2;1
"charles";10;-1;-1;-1;-1;-1;-1;-1;1;-1;2;-1
"luiz";10;-1;-1;-1;-1;-1;-1;-1;1;-1;2;-1
"freitas";10;-1;-1;-1;-1;-1;-1;-1;1;-1;2;-1
"erar";12;-1;-1;-1;-1;-1;-1;-1;-1;1;1;1
"planejar";14;-1;-1;-1;-1;-1;-1;-1;-1;1;2;1
"bncc";13;-1;-1;-1;-1;-1;-1;-1;-1;2;1;-1
"logo";15;-1;-1;-1;-1;-1;-1;-1;-1;1;2;-1
"prazer";10;-1;-1;-1;-1;-1;-1;-1;-1;-1;2;-1
"ministério";13;-1;-1;-1;-1;-1;-1;-1;-1;2;2;-1
"atendimento";11;-1;-1;-1;-1;-1;-1;-1;-1;2;2;-1
"transformador";10;-1;-1;-1;-1;-1;-1;-1;-1;-1;2;-1
"tecnologias_da_informação_e_comunicação";13;-1;-1;-1;-1;-1;-1;-1;-1;-1;1;1
"idoso";20;-1;-1;-1;-1;-1;-1;-1;-1;2;1;1
"letrado";10;-1;-1;-1;-1;-1;-1;-1;-1;-1;2;-1
"rua";10;-1;-1;-1;-1;-1;-1;-1;-1;1;-1;2
"mec";10;-1;-1;-1;-1;-1;-1;-1;-1;-1;2;-1
"tributário";12;-1;-1;-1;-1;-1;-1;-1;-1;-1;2;1
"funcionar";17;-1;-1;-1;-1;-1;-1;-1;-1;-1;2;1
"amigo";10;-1;-1;-1;-1;-1;-1;-1;-1;1;2;-1
"coordenador";10;-1;-1;-1;-1;-1;-1;-1;-1;-1;2;-1
"previamente";10;-1;-1;-1;-1;-1;-1;-1;-1;-1;2;1
"tidc";10;-1;-1;-1;-1;-1;-1;-1;-1;-1;2;1
"farmacêutico";12;-1;-1;-1;-1;-1;-1;-1;-1;-1;2;1
"treinamento";10;-1;-1;-1;-1;-1;-1;-1;-1;-1;2;1
"influenciador";12;-1;-1;-1;-1;-1;-1;-1;-1;-1;2;2
"estratégico";11;-1;-1;-1;-1;-1;-1;-1;-1;-1;1;2
