digital;370;310;243
ensino;452;33;57
pesquisa;162;119;305
tecnologia;335;115;89
educação;326;61;72
social;121;229;71
artigo;92;168;178
estudo;112;89;189
informação;86;94;181
processo;218;69;62
aprendizagem;265;13;23
uso;200;72;61
forma;138;114;86
aluno;262;9;14
novo;120;136;65
professor;253;6;30
prático;188;69;60
matemática;166;11;36
história;71;100;105
meio;84;105;113
objectivo;137;106;79
apresentar;84;94;110
conhecimento;125;77;71
análise;43;70;148
utilizar;83;58;134
partir;29;140;95
dado;13;63;144
ciência;52;44;140
contexto;151;71;43
humanidades_digitais;7;45;180
relação;84;96;49
analisar;91;97;57
resultado;99;63;77
presente;52;104;77
texto;46;54;55
desafio;179;25;29
realizar;61;35;114
desenvolvimento;92;63;53
produção;47;62;63
formação;158;28;14
científico;13;55;116
brasil;47;59;84
campo;31;62;94
também;66;84;39
humanidade;32;126;38
aula;148;9;6
histórico;9;95;62
público;51;70;57
jogo;83;49;28
assim;50;81;46
abordagem;93;36;54
escola;128;27;31
pessoa;61;77;12
sociedade;61;106;19
tecnológico;114;44;22
recurso;126;22;19
metodologia;56;17;98
além;57;70;45
humano;34;103;19
direito;23;103;12
educacional;136;15;13
ferramenta;88;44;39
bibliográfico;33;5;112
teórico;19;59;74
necessidade;119;32;11
brasileiro;24;83;62
docente;126;8;6
comunicação;69;54;37
importância;102;42;15
conceito;32;75;42
grande;75;40;33
bem;53;57;31
reflexão;61;48;25
vida;57;60;14
estudante;104;11;19
busca;36;44;69
conteúdo;60;28;61
base;20;35;90
área;39;22;82
trazer;54;27;32
compreender;48;62;31
representação;36;55;19
autor;41;45;43
através;32;36;51
ano;38;45;50
tornar;78;35;14
acesso;49;38;55
abordar;46;51;51
tema;31;50;61
perspectiva;45;49;37
rede;17;79;33
pedagógico;119;5;13
destacar;88;25;19
mostrar;67;25;27
ambiente;77;34;20
projeto;26;33;65
diverso;29;56;48
remoto;102;7;14
experiência;52;52;25
universidade;27;12;85
possível;55;48;27
mundo;50;42;15
buscar;53;57;30
sentido;42;55;32
diferente;28;58;37
questão;37;53;34
pandemia;73;30;14
considerar;33;61;27
qualitativo;24;7;75
contribuir;79;33;20
principal;39;39;38
método;12;23;75
atividade;60;26;25
geral;52;43;30
mesmo;30;61;14
cultural;9;63;30
papel;57;43;14
disciplina;54;20;18
possibilidade;38;58;15
desenvolver;36;18;51
construção;22;64;20
transformação;71;32;11
obra;30;53;20
discutir;34;48;34
plataforma;45;30;38
fundamental;65;34;13
identificar;23;31;48
ação;38;34;24
problema;40;46;18
modo;35;55;18
acadêmico;25;24;55
mudança;58;34;7
importante;55;42;11
ainda;33;59;16
promover;78;12;10
nacional;45;14;47
aspecto;32;51;18
tratar;25;30;35
leitura;37;20;31
instituição;42;25;31
estratégia;70;20;15
discussão;24;38;34
tender;36;30;25
cultura;19;61;23
proposta;20;25;35
mídia;20;53;19
investigação;12;24;58
saúde;42;27;17
espaço;27;60;7
contribuição;50;26;19
documento;0;21;58
crítica;30;42;19
vez;25;52;19
revisão;16;12;68
grupo;7;39;44
escolar;45;12;12
modelo;21;24;44
diante;72;15;10
dever;25;24;15
internet;34;40;10
produzir;23;43;26
permitir;28;39;27
literatura;19;14;58
muito;33;33;18
inserir;15;19;20
sistema;20;45;21
já;23;29;25
covid;52;20;12
profissional;66;16;8
objetivo;47;6;31
político;37;36;17
língua;36;10;30
criar;40;38;12
arquivo;3;11;57
virtual;23;37;23
vir;47;18;18
palavra;9;36;40
livro;49;13;26
ideia;37;44;5
fonte;10;20;57
explorar;44;17;20
dificuldade;65;6;11
dentro;32;25;22
vista;19;27;10
inclusão;64;12;3
impacto;47;26;10
específico;42;19;26
teoria;26;30;25
realidade;34;30;11
sala;75;1;3
investigar;48;21;10
futuro;46;21;11
concluir;22;32;31
caso;21;32;23
respeito;45;24;13
maior;28;30;20
dia;34;12;8
construir;24;35;18
comunidade;22;36;23
melhor;42;17;8
encontrar;37;25;18
apenas;20;41;3
utilização;34;14;21
observar;32;30;16
longo;34;26;11
atual;26;38;11
material;14;17;31
país;12;31;31
levar;36;33;7
evidenciar;35;27;14
cotidiano;20;32;8
qualidade;56;9;10
metodológico;7;16;53
chave;8;27;40
período;43;17;13
passar;25;44;4
memória;0;44;20
federal;20;10;39
essencial;53;4;10
dar;14;45;15
silva;6;0;4
contemporâneo;35;25;12
aplicação;23;16;29
século;25;43;2
médio;40;6;16
debate;22;38;8
até;12;43;9
textual;14;5;18
pesquisador;6;7;53
envolver;22;22;28
década;29;13;21
principalmente;29;17;17
necessário;29;25;14
enfrentar;58;11;2
temática;12;26;32
online;36;12;15
habilidade;35;5;4
físico;28;25;13
entender;30;33;7
possuir;6;28;24
interação;25;33;9
maneira;24;27;9
relevante;21;8;21
propor;14;28;24
perfil;38;10;9
momento;24;36;5
eletrônico;31;7;23
condição;22;20;15
ativo;50;9;8
refletir;21;33;10
evolução;25;19;13
corpus;0;5;30
termo;14;28;20
santo;8;8;13
quando;22;34;7
potencial;35;16;13
objeto;16;13;34
jovem;25;12;3
âmbito;24;17;21
significativo;28;21;7
didático;47;3;12
representar;13;36;13
natureza;8;26;29
integração;51;7;2
inovação;37;10;13
demonstrar;18;27;17
cenário;21;32;9
programa;20;7;29
imagem;0;40;13
característica;3;35;21
aprendizado;32;6;8
fornecer;34;11;16
exploratório;2;2;46
visar;17;29;13
resumo;9;15;34
relacionado;13;20;25
pó;9;15;32
oportunidade;32;12;5
elemento;9;26;23
gestão;17;18;18
criação;12;29;18
causar;32;15;4
usuário;14;34;9
tdics;29;1;2
surgir;33;11;5
publicação;1;9;45
política;15;33;8
museu;1;24;25
interesse;29;17;3
gerar;21;19;15
discurso;3;34;17
criança;33;5;3
arte;4;29;20
revista;2;2;45
próprio;5;44;8
educador;47;0;8
contar;6;22;11
acervo;2;16;36
técnica;5;12;32
oferecer;28;14;12
curso;31;6;16
paulo;8;15;25
mulher;1;31;14
escrita;6;8;24
eficaz;43;4;6
precisar;18;17;10
movimento;10;30;10
jurídico;3;22;16
concepção;18;25;10
compreensão;26;17;9
avanço;29;21;4
possibilitar;12;26;14
pensar;9;35;8
organização;7;26;20
negativo;39;5;0
facilitar;20;5;11
eja;5;7;0
autoria;12;0;9
publicar;10;8;30
patrimônio;0;22;23
incluir;25;11;16
escrever;2;17;1
documental;1;3;32
cidade;6;37;6
ampliar;32;11;5
pretender;9;32;9
preservação;3;17;25
desenvolvido;15;13;18
conjunto;16;16;18
básico;38;7;6
literário;11;19;14
consideração;20;20;10
aprender;30;1;2
português;9;6;22
nativo;30;2;1
econômico;21;24;3
constante;31;7;1
biblioteca;3;10;25
aberto;15;0;26
verificar;17;12;15
síndroma;14;0;1
relato;13;8;18
inovador;42;4;2
indivíduo;18;23;7
hoje;11;28;8
computacional;0;12;28
caráter;11;7;29
adaptação;27;6;7
web;4;6;27
seguir;9;9;13
relacionar;8;32;7
positivo;34;4;1
pensamento;6;37;2
participação;16;26;3
linguístico;4;3;28
linguagem;4;17;12
integrar;24;5;18
global;14;27;3
exemplo;13;20;12
especialmente;24;14;8
efeito;25;14;7
diálogo;16;18;13
comum;8;20;19
atender;32;6;9
periódico;0;1;44
música;25;8;12
levantamento;2;1;32
internacional;5;14;23
inicial;35;4;6
gênero;4;23;15
foco;21;9;16
coleta;3;5;28
cinema;1;19;12
visão;10;13;21
sujeito;25;14;1
educativo;34;8;3
discente;41;3;0
descritivo;1;4;31
crítico;7;24;14
agente;18;14;5
tratamento;15;6;22
questionário;14;2;12
expor;13;27;3
coletivo;8;17;19
centro;16;10;17
viver;4;34;4
função;14;27;2
educandos;14;3;1
descrever;10;5;28
compor;2;10;23
capítulo;10;4;3
aplicar;19;8;15
região;4;25;12
referência;4;10;20
realização;10;8;15
informacional;5;18;16
devido;13;26;3
celular;26;0;0
superior;20;0;13
line;31;4;5
implementação;27;5;7
fato;8;26;5
estrutura;3;26;11
estabelecer;9;25;6
especificamente;14;9;18
entanto;13;22;5
benefício;24;6;4
atuação;12;20;8
software;16;4;18
selecionar;3;5;23
relevância;12;8;19
on;31;4;5
instrumento;10;14;8
formato;18;7;9
falar;9;18;4
ensinar;29;2;1
divulgação;4;17;18
conclusão;21;9;10
capaz;15;14;3
tradicional;14;13;12
melhorar;31;4;2
indicar;22;7;8
inclusivo;28;1;2
final;9;20;10
ferramentas_digitais;26;4;7
envolvido;21;8;9
ensaio;0;24;14
breve;5;12;22
autista;15;0;0
adotar;14;3;22
violência;5;30;1
tomar;6;22;9
rodrigues;3;0;3
procurar;13;11;5
narrativo;1;25;9
infantil;17;2;2
graduação;9;1;26
garantir;24;8;5
espectro;20;1;1
entrevista;7;4;27
elaborar;15;7;16
constatar;6;21;2
computação;8;6;20
categoria;9;24;3
bom;26;7;4
amplo;12;14;12
transformar;26;8;1
responder;11;12;11
proposto;13;8;16
percepção;21;10;6
olhar;13;11;5
nível;12;9;16
letramento;24;9;2
isolamento;25;4;0
inglês;15;6;13
falta;24;9;1
disponível;16;8;12
dimensão;10;17;10
barro;2;3;0
aplicativo;30;2;5
tic;31;3;2
ponto;6;13;15
perceber;14;17;5
pai;21;3;4
lugar;3;21;4
francisco;0;3;1
acontecer;27;0;1
trindade;0;1;2
situação;17;16;2
revelar;10;12;13
proporcionar;20;11;4
princípio;5;16;11
população;13;21;1
existir;5;17;4
estimular;6;8;4
curricular;10;3;12
constituição;2;23;8
centrar;13;16;5
avaliar;18;4;9
auxiliar;13;14;8
servir;19;11;4
repositório;3;2;27
produto;3;15;14
ocorrer;3;20;11
número;3;21;9
nascimento;2;3;2
melhoria;21;1;3
fator;18;11;5
cunho;3;1;14
contínuo;19;8;6
conectar;9;17;0
conceitual;0;4;30
colocar;14;15;4
civil;1;31;2
assunto;4;19;11
ambiental;17;8;4
sul;1;13;11
souza;1;3;4
presencial;24;5;3
obter;4;22;4
institucional;3;17;13
identificação;1;6;24
google;2;3;18
enfatizar;26;4;2
down;8;1;0
conhecer;18;9;6
compartilhar;5;18;10
aqui;1;19;10
adulto;3;4;2
vivência;15;3;5
tea;16;0;0
rock;32;0;0
lidar;20;7;5
interdisciplinar;5;9;18
distância;21;9;1
concreto;9;8;6
competência;15;6;10
apresentado;2;4;24
aliar;23;1;0
adequado;25;6;1
voltar;10;9;11
transtorno;12;2;1
superar;24;7;0
serviço;9;14;7
realizado;9;1;5
laboratório;8;8;15
início;15;10;6
interpretação;10;15;5
intelectual;1;20;2
influência;3;20;5
implicação;12;18;1
família;3;12;8
esfera;11;16;3
dinâmico;9;11;2
currículo;20;4;2
contato;15;9;6
constituir;9;14;8
conseguir;3;8;11
colaborativo;11;5;13
chamado;2;11;18
basear;6;7;16
avaliação;11;9;10
algo;16;5;2
alcançar;21;5;4
série;17;11;2
personagem;0;15;5
maria;3;7;3
lei;7;17;4
inserção;2;14;6
iniciativa;2;10;17
historiador;4;9;17
exigir;15;10;3
etapa;5;2;20
digitalização;3;4;19
demanda;14;11;5
cidadão;24;3;3
cidadania;10;15;0
central;5;21;3
atualidade;16;4;10
alves;1;1;2
adolescente;18;6;4
acordo;14;6;10
xxi;22;7;0
usado;5;10;12
torno;1;19;8
temático;2;7;19
solução;10;10;5
registro;1;11;16
referir;6;9;14
página;1;3;11
procedimento;2;2;22
potencialidade;17;7;4
planejamento;22;5;2
passado;9;16;3
noção;1;22;5
liberdade;3;19;0
impactar;17;12;0
fase;1;7;4
estudar;5;15;9
emergir;12;6;3
crescente;11;13;2
continuar;24;3;2
atenção;11;13;5
alternativa;5;2;6
vivenciar;12;8;0
resposta;5;16;6
promoção;21;2;4
presença;4;12;12
observação;9;7;10
narrativa;1;16;8
múltiplo;14;11;3
mercado;7;16;4
leitor;11;9;6
intitular;3;1;8
frente;14;9;4
examinar;8;8;10
especial;7;14;7
emergente;7;7;14
embora;9;16;3
edição;1;4;18
audiovisual;2;6;17
unidade;3;2;6
suporte;10;9;6
segurança;12;11;4
referente;14;5;8
pessoal;4;16;5
percurso;4;7;14
oral;1;7;14
of;0;6;15
notícia;1;15;8
motivação;20;4;2
modalidade;17;7;3
linha;1;17;8
identidade;1;18;5
gestor;22;2;2
geração;8;10;6
execução;19;5;2
evento;2;14;9
estadual;10;0;16
design;12;10;3
crise;10;16;1
colaboração;11;4;10
abrir;2;17;7
rio;3;13;8
responsável;5;20;1
responsabilidade;12;12;2
religioso;1;18;4
pertinente;3;6;2
padrão;0;16;6
obtido;2;1;20
mundial;6;16;3
medida;8;14;3
mediação;7;7;4
matéria;12;5;1
luz;2;16;5
legislação;6;13;7
geografia;12;3;3
expressão;1;18;6
exposição;1;13;11
estágio;18;2;4
especificidade;9;7;10
empírico;6;8;11
elaboração;9;5;12
dispositivo;7;14;4
dinâmica;13;7;6
desigualdade;16;6;2
desempenho;13;4;0
dano;3;8;8
cuidado;17;7;0
criativo;13;8;5
conduzir;4;3;4
atuar;15;7;4
assumir;16;6;2
apresentação;9;6;11
antes;2;13;2
alfabetização;12;12;1
época;0;18;7
visual;3;16;6
tendência;7;12;6
sobretudo;4;16;4
seguinte;9;11;5
pequeno;0;12;3
municipal;7;3;4
mapa;0;4;18
local;1;20;3
imigrante;8;1;0
financeiro;7;8;4
filosofia;1;20;2
fenômeno;7;16;2
favorecer;13;11;1
fake_news;0;17;3
eficiente;16;5;3
disseminação;5;14;6
consequência;11;11;3
compartilhamento;3;19;2
apoio;7;12;6
adoção;10;5;1
técnico;7;10;6
ressaltar;21;3;0
referencial;1;6;15
quantidade;1;17;4
preparação;21;0;3
plano;14;4;4
pesquisar;12;3;9
mediar;13;10;1
marketing;1;13;6
lustosa;8;0;0
junto;16;4;4
instituto;4;5;9
infra-estrutura;17;3;2
individual;19;5;0
homem;1;20;3
gama;12;2;2
ficar;11;10;1
existente;3;10;11
então;4;12;8
dossiê;2;5;15
domínio;5;4;13
despertar;14;2;0
descobrir;9;6;1
controlo;6;14;3
consistir;2;6;16
caracterizar;2;11;10
animal;4;13;4
ana;2;4;2
abranger;6;9;9
unesco;1;3;2
tópico;8;8;6
tdic;18;0;3
tarefa;14;7;2
rocha;1;3;3
risco;5;8;8
recente;6;15;2
real;5;10;6
propiciar;18;2;3
popular;1;18;2
pedagogia;10;7;6
paciente;17;1;3
moderno;12;6;5
localizar;1;13;8
letra;16;4;3
jogador;2;17;0
interessante;1;3;3
fluxo;1;5;8
familiar;13;9;1
et;12;3;4
enriquecer;15;3;4
engajamento;19;1;3
empresa;0;18;2
educar;20;2;1
documentação;0;1;22
definir;2;10;10
data;1;2;16
comprovar;13;8;2
comportamento;11;10;2
complexo;6;15;2
colaborar;8;8;7
capacitar;22;0;1
borges;8;1;6
baseado;6;7;10
ampliação;6;11;5
voz;1;15;6
unido;0;17;4
retratar;9;7;6
regime;0;14;4
problemático;7;5;2
participante;10;2;9
motivo;9;3;1
lógica;3;16;3
interativo;15;6;1
intenção;14;5;2
indígena;1;10;7
evidência;10;1;9
emergência;9;10;3
discursivo;0;13;7
direcionar;15;2;5
crime;5;7;6
coronavírus;12;6;3
consumo;2;18;0
conhecido;1;17;4
complexidade;5;11;6
capacidade;8;9;4
bibliografia;1;16;5
aplicado;4;1;16
al;12;2;5
adaptar;17;4;1
acreditar;18;3;1
acercar;2;8;12
urgente;5;7;1
universo;2;7;2
universitário;6;1;13
só;14;5;2
sonho;10;7;0
sempre;10;4;7
rápido;6;11;4
resultar;7;12;1
regular;9;3;0
referido;6;8;7
recuperação;3;5;13
paradigma;5;13;3
pandêmico;17;2;2
organizar;2;7;12
opinião;1;15;5
natural;5;7;7
município;8;9;2
mecanismo;4;14;3
escopo;0;6;14
eficácia;13;3;5
doutorado;1;1;18
doença;12;8;0
disponibilizar;3;3;11
destinar;13;5;3
destaque;4;17;0
corpo;3;13;5
associar;3;13;3
associado;13;6;2
artístico;0;10;10
argumento;2;7;11
anterior;1;10;2
acompanhar;5;9;7
acessível;11;7;2
turma;16;1;3
sugerir;8;4;8
seguida;2;4;6
scielo;0;1;16
prevenção;11;7;2
predeterminado;0;6;6
origem;1;12;7
motivar;13;2;4
latino;1;14;5
justiça;2;11;3
jornal;0;14;6
introdução;6;13;1
interagir;13;7;0
ii;10;4;5
idoso;5;6;6
fotografia;0;7;10
filme;0;17;3
exploração;1;8;10
exercício;8;12;0
escolha;2;7;10
crescimento;2;12;4
continuidade;10;7;3
conter;5;6;9
configurar;4;12;4
conexão;4;4;11
computador;7;8;5
branco;0;15;0
analítico;4;5;11
alto;3;10;3
aliado;16;3;1
ético;6;13;0
volume;1;4;11
via;4;10;4
valorização;11;7;1
urbano;0;5;12
tics;9;8;1
the;1;6;10
território;3;8;7
terra;7;8;2
tentativa;5;11;3
significado;2;5;4
resistência;8;10;0
reflexivo;15;4;0
questionar;4;14;1
questionamento;12;5;2
quantitativo;0;0;18
problematizar;2;9;8
parceria;6;1;4
mobilizar;3;13;3
legal;2;10;5
intervenção;11;1;7
gráfico;0;7;10
geográfico;3;9;6
formar;6;7;6
finalidade;11;4;4
estrangeiro;11;1;4
epistemologia;1;8;9
ead;13;1;1
diversidade;5;8;6
diferença;1;15;3
democrático;2;16;0
defender;2;10;6
critério;4;4;10
contemplar;4;4;11
consequentemente;11;8;0
atualmente;3;12;4
américa;0;10;6
americano;1;13;5
afirmar;13;4;2
ética;5;11;2
xx;1;17;0
vídeo;10;5;3
reunir;2;4;12
recorte;1;11;6
proteção;6;10;1
pilar;12;3;3
participativo;9;5;3
mente;9;1;0
manifestação;0;14;4
influenciar;9;8;1
híbrido;14;2;2
freire;6;2;8
fomentar;8;9;1
expansão;10;5;3
epistemológico;2;8;8
diário;10;1;7
difusão;6;2;10
decorrente;4;14;0
cumprir;2;10;2
consciente;3;14;0
conflito;1;12;1
componente;3;2;5
aumentar;8;3;7
artista;1;11;5
tão;4;4;0
trabalhador;1;11;4
tese;1;1;15
tanger;6;6;4
sustentável;7;7;1
setor;7;6;4
seleção;0;3;14
relativo;1;7;9
relatar;7;0;10
registrar;1;9;6
reconhecer;4;8;5
produtivo;2;5;10
preparar;16;1;0
orientação;4;3;8
operar;9;7;1
multimídia;14;2;0
moral;2;14;0
marco;2;11;4
ler;3;8;6
josé;1;3;3
jornada;3;4;2
janeiro;2;11;3
inúmero;14;2;1
implementar;14;1;2
gamificação;17;0;0
funcionar;12;4;1
força;1;14;2
forte;1;4;4
fortalecer;10;7;0
exclusão;2;6;1
espécie;2;11;2
emprego;3;5;1
decisão;3;10;3
crucial;9;6;2
criatividade;6;2;1
consumidor;0;15;0
claro;10;4;3
caber;12;3;2
biblioteconomia;3;1;13
baixo;7;8;1
auxílio;11;0;6
ator;6;9;2
apreender;8;0;1
andreia;9;0;0
ancoragem;17;0;0
alternativo;3;5;5
agora;4;11;2
vincular;1;6;8
vilão;8;0;0
valer;2;3;10
surgimento;1;9;5
sociocultural;2;12;1
sistemático;3;2;11
prova;1;2;3
profundo;4;11;1
objetivação;16;0;0
negro;2;11;2
moço;8;0;0
monitoramento;6;1;9
licenciatura;14;1;1
lado;2;11;3
incorporar;10;5;1
imposto;6;2;0
implicar;4;9;3
ganhar;1;10;5
fundamentar;5;5;6
focar;6;2;8
figura;1;11;3
estrutural;3;10;3
esperar;8;6;2
escrito;0;4;12
divulgar;3;2;11
distanciamento;14;2;0
desinformação;1;13;1
desempenhar;8;7;0
descrição;1;1;14
definição;0;6;10
convidar;1;1;6
contemporaneidade;5;9;2
carvalho;2;0;4
capacitação;15;1;0
atualização;7;6;2
antigo;0;7;9
adotado;10;2;4
xix;0;14;0
visualização;1;0;11
viabilizar;14;1;0
título;1;7;7
troca;7;7;1
tratado;10;3;2
sujeitar;0;14;1
santana;3;2;2
reforçar;3;1;3
reflexo;2;8;5
reconhecimento;2;6;7
racial;3;10;2
provocar;5;8;1
propósito;6;6;3
preciso;3;6;6
potencializar;9;6;0
ponte;1;6;0
planeta;3;10;0
pautar;3;5;7
particular;1;9;4
panorama;0;5;10
norteador;10;4;1
mão;9;3;3
mapear;2;2;9
mapeamento;0;0;14
logo;10;3;2
investimento;11;4;0
interface;1;5;8
identificado;3;7;4
hipótese;5;3;5
herança;1;10;2
guerra;1;7;4
extensão;4;3;8
explicar;1;6;8
executar;1;5;1
equitativo;6;1;0
entendimento;5;4;6
efetivo;7;3;5
discordar;5;4;6
digitalizar;1;5;9
determinar;8;2;5
determinado;0;11;4
coleção;4;1;10
chegar;3;6;5
campus;4;0;4
bahia;4;5;6
avançado;5;2;3
aumento;4;7;4
articulação;1;5;1
apropriação;2;11;1
and;0;1;11
acessibilidade;9;1;3
transmitir;2;4;0
sustentar;2;8;4
sofrer;1;12;1
socialização;10;3;1
significativamente;9;2;2
repercussão;3;6;5
racismo;1;11;1
postagem;0;7;4
posição;0;9;2
planejar;4;1;1
participar;4;7;3
orientar;4;2;7
objetivar;2;7;5
norte;0;13;0
máquina;0;8;4
musical;2;9;3
moran;4;1;0
moda;0;7;5
mental;8;3;3
manter;3;10;0
lúdico;9;2;2
investigativo;4;1;8
intuito;3;6;5
inspirar;9;4;1
inclusive;4;1;9
imprescindível;11;1;2
graça;8;6;0
filósofo;0;13;1
filológico;0;0;13
filologia;0;0;12
extremo;0;5;1
existência;5;8;0
europeu;0;9;5
estúdio;0;8;5
equipamento;11;1;1
enfrentamento;7;6;1
encontro;1;7;6
embasar;1;0;4
elucidar;1;4;8
docência;7;0;7
difícil;0;5;1
desafiar;11;3;0
dedicar;0;6;8
costa;3;1;1
compensar;1;3;2
cognitivo;6;7;1
ciberespaço;5;6;3
cercar;0;4;2
casa;1;6;5
capes;2;0;11
banco;0;4;7
associação;2;2;9
armazenamento;1;6;3
apoiar;2;7;5
aparelho;0;9;3
analisado;1;9;4
africano;1;12;1
afeto;1;10;1
único;3;8;0
voltado;11;1;1
vivo;1;3;1
visualizar;8;1;4
verdadeiramente;0;1;4
valorizar;2;9;2
valioso;11;1;1
traçar;1;10;2
trabalhista;1;9;3
total;0;5;6
tecnologias_da_informação_e_comunicação;4;0;0
simultaneamente;3;8;0
significar;5;3;3
sequência;4;3;5
reforma;1;6;2
re;4;6;1
razão;0;10;3
quadro;2;4;3
privado;3;7;3
poético;0;11;2
notável;12;0;1
ministério;1;1;3
metodologicamente;2;0;11
matemático;13;0;0
marcar;1;11;1
manutenção;2;7;4
manuscrito;0;2;8
limite;2;11;0
lembrar;1;3;1
instagram;1;10;2
impresso;0;8;5
hd;0;2;11
facebook;0;8;5
excluir;11;1;1
estética;1;10;2
estabelecimento;1;8;2
especialista;2;7;4
envolvente;12;1;0
entretenimento;0;13;0
emergencial;13;0;0
economia;3;10;0
dialogar;3;6;4
diagnóstico;6;4;3
desafiador;12;1;0
depois;1;8;4
democracia;1;12;0
custo;3;4;4
curar;0;6;5
controlar;2;8;3
contextualizar;5;2;6
conectividade;1;10;1
conduta;6;3;0
comumente;8;1;4
combinação;4;1;7
combinar;5;2;5
classe;4;5;3
canal;0;6;7
bncc;0;0;12
autoridade;3;8;2
autonomia;6;5;2
atualizar;6;5;1
atingir;5;5;3
articular;1;10;2
apontado;10;2;1
amostra;0;1;11
ajudar;3;4;6
agir;6;7;0
adequação;9;2;2
vírus;10;0;2
vantagem;4;6;0
tributário;1;5;2
transição;5;2;3
teatro;1;0;10
sustentabilidade;1;9;1
substituir;11;1;0
sociologia;0;5;7
sertão;0;6;0
semelhante;2;6;4
science;0;0;8
rural;1;9;0
ribeiro;0;1;2
revolução;3;8;1
recuperar;0;2;10
ramo;2;1;1
raciocínio;11;0;1
qualificação;11;1;0
proveniente;1;2;9
propriedade;0;11;1
progresso;5;6;0
processamento;0;2;7
portal;0;1;11
pereira;0;0;4
pauta;1;1;2
ordem;2;5;3
nortear;2;6;4
mãe;9;3;0
mudar;4;7;1
modernidade;1;10;0
mina;2;5;5
militar;0;11;0
menos;0;9;3
menor;1;9;1
lógico;11;1;0
interferir;3;8;0
integral;8;3;1
instrucional;11;0;0
inspiração;8;2;2
insights;12;0;0
informática;7;4;1
influenciador;1;8;1
incorporação;5;3;3
impulsionar;5;6;1
igreja;0;1;8
horizonte;1;3;8
historiográfico;0;5;7
historiografia;3;6;3
hds;3;5;2
governo;0;9;2
ghemat;0;0;12
gerenciamento;1;3;7
fronteira;2;5;4
fortaleza;1;3;3
filho;1;7;3
feminino;0;9;2
fechado;8;0;2
farmacêutico;6;2;0
europeana;0;0;12
estético;0;12;0
estimulante;12;0;0
esforço;3;6;3
escala;1;6;4
erar;10;0;1
equipa;6;1;5
equidade;11;0;0
doméstico;3;8;1
distribuição;1;9;2
dissertação;0;0;12
diretor;0;4;7
direto;3;6;2
diretamente;4;6;2
diferenciado;10;2;0
denominar;2;5;5
demais;2;7;3
dedutivo;1;3;8
debater;2;10;0
cooperação;2;2;7
configuração;2;9;1
comunitário;0;6;6
compromisso;1;5;6
comprometido;11;1;0
completo;1;4;7
complementar;7;4;1
coletado;1;3;8
coisa;10;1;1
clássico;0;9;3
capitalista;0;12;0
atrativo;12;0;0
amp;0;1;8
advento;1;9;2
acarretar;10;2;0
x0d;4;1;3
turismo;0;8;3
transdisciplinar;2;1;8
temporal;1;9;1
tecnologias_educacionais;9;0;2
supervisionar;11;0;0
sucesso;3;6;2
sites;1;3;7
simbólico;0;10;1
seção;0;2;8
resolução;6;5;0
requerer;6;4;1
reduzir;4;5;2
recorrente;0;8;3
querer;0;8;2
quase;0;6;5
psicológico;2;4;4
próximo;0;6;5
propagação;1;10;0
policial;1;4;3
pinheiro;1;0;2
pergunta;1;4;6
pedra;0;7;2
passo;1;8;1
partida;1;4;6
oficial;0;3;8
normativo;2;8;1
morte;0;9;0
mau;1;2;0
machado;0;1;2
luta;1;9;0
livre;2;2;7
levantar;0;9;2
lançar;2;8;1
intenso;2;8;1
inovar;11;0;0
incerto;10;1;0
imediato;0;10;0
idade;5;3;3
gomes;1;0;2
fruto;3;3;5
estímulo;3;0;0
estratégico;5;6;0
estilo;3;7;1
espírito;1;8;0
especializar;1;5;5
escolher;1;6;4
entendido;2;9;0
engajado;9;1;0
empregar;3;3;5
dividir;2;4;5
devidamente;2;2;1
departamento;0;1;10
deixar;1;9;1
convergência;2;4;5
contextualização;0;1;10
consolidação;9;2;0
conceituação;8;2;1
comparar;0;6;3
circunstância;11;0;0
circulação;1;6;4
cibernético;2;3;5
ci;1;3;6
chamar;2;6;3
capitalismo;0;10;1
autônomo;4;4;3
autoral;0;8;2
atendimento;9;1;1
argumentar;1;9;1
aproveitar;3;0;0
aprofundar;1;8;2
aprimoramento;5;3;3
anteriormente;8;3;0
anotar;0;1;2
alcance;4;5;2
adaptado;2;1;0
abrangente;5;4;2
útil;1;5;4
água;2;2;3
vítima;1;8;0
videogame;4;2;4
velocidade;0;6;4
treinamento;5;1;3
solo;2;3;3
socioeconômico;4;6;0
sociabilidade;0;10;0
situar;5;2;3
site;0;1;9
semiótica;0;4;6
rua;0;6;3
romance;0;10;0
revisar;2;5;3
regional;0;8;2
psicologia;2;3;4
primário;3;3;3
previamente;8;0;2
prever;1;6;3
preservar;0;8;2
preocupação;3;4;3
prazo;5;4;1
prazer;8;2;0
particularidade;4;1;5
par;4;2;4
org;1;0;2
ordenamento;0;9;1
operação;2;8;0
nação;1;9;0
máximo;9;1;0
moldar;9;1;0
mineração;0;1;7
lacuna;2;8;0
interpretativo;0;5;5
inteligência_artificial;3;7;0
informar;3;7;0
indexar;0;0;7
fundamento;2;4;4
fundamentado;8;1;1
funcional;4;5;0
fotográfico;0;1;9
formulação;1;7;0
faculdade;0;3;7
face;3;6;1
experimentar;5;4;1
evoluir;5;3;2
evitar;5;5;0
etc;1;3;6
estruturado;3;2;5
especializado;2;3;4
espanha;0;0;8
escritor;0;4;5
erro;0;5;5
edm;0;0;7
editor;0;1;8
edificação;1;2;6
doutor;1;2;7
distinto;0;9;1
dificultar;9;0;1
desmotivação;10;0;0
desmistificar;10;0;0
deficiência;0;9;0
curadoria;2;3;5
coordenador;9;0;1
constantemente;8;2;0
cobertura;0;1;9
climático;1;5;3
classificação;0;3;7
cientista;0;7;3
cibercultura;3;6;1
beneficiar;4;5;1
barreira;6;2;2
ausência;4;6;0
atribuir;0;8;2
ato;1;7;1
atentar;4;1;5
assistir;2;5;3
articulado;2;1;7
arqueologia;1;3;4
argentino;0;5;5
aproximar;1;9;0
analógico;1;4;5
amplamente;3;3;2
amigo;9;1;0
amazona;8;0;2
agência;1;6;3
afetar;1;9;0
advir;1;7;2
adverso;7;2;0
administração;4;2;4
ênfase;4;3;2
vigente;3;6;0
vertente;1;0;7
vasto;3;0;6
variável;2;4;3
unicamp;0;0;6
símbolo;0;7;2
status;9;0;0
seguro;6;2;1
respectivamente;2;3;4
reprodução;1;7;1
reino;0;9;0
referenciar;0;5;4
recepção;0;7;2
receber;3;6;0
raça;0;6;2
quo;9;0;0
pubmed;0;0;7
práxis;5;1;3
promissor;9;0;0
produtor;1;7;0
problematização;2;0;7
praticar;1;6;2
popularização;3;5;1
personalidade;1;5;3
permear;2;7;0
performance;0;8;1
peculiar;8;1;0
parâmetro;0;6;3
parecer;1;7;1
palestra;3;4;2
ocupar;0;8;1
núcleo;1;1;4
nota;2;3;4
norma;0;9;0
necessariamente;6;2;1
móvel;5;4;0
médico;7;0;2
midiática;3;6;0
março;3;5;1
majoritariamente;9;0;0
lima;0;3;4
jornalístico;0;4;4
introduzir;2;2;5
instrução;6;3;0
instrumental;9;0;0
imagético;1;1;5
igualmente;1;5;3
ideologia;0;8;1
ideal;1;8;0
hora;2;1;5
harmônico;8;1;0
governamental;2;5;1
garantia;5;4;0
fácil;3;5;1
funcionamento;1;5;3
formal;3;4;1
ficção;1;7;0
farmácia;5;1;1
fala;1;8;0
externo;2;1;4
expressar;2;7;0
experimentação;1;5;3
estatal;1;3;4
espanhol;0;5;3
entusiasmo;9;0;0
entrevistado;5;2;2
encontrado;0;7;2
empresarial;1;5;2
emoção;0;9;0
emancipação;2;7;0
editorial;0;0;8
distribuir;0;2;6
disputa;0;8;1
disponibilização;0;1;8
dh;0;3;3
deus;0;7;0
destacado;9;0;0
depender;1;6;2
deparar;8;1;0
democratização;5;2;2
delimitar;0;7;2
decorrer;1;4;4
david;0;4;3
código;0;6;2
curto;2;6;1
contido;0;3;6
confiável;0;3;4
conceber;0;7;2
comunicar;2;5;2
compilação;8;1;0
comparativo;2;3;4
colonial;0;5;3
clínica;1;0;7
cinematográfico;0;5;4
ciclo;0;5;3
cena;0;7;2
categorização;0;2;7
carga;0;3;4
atração;9;0;0
aproximação;0;5;4
andamento;0;4;5
alimentar;1;7;0
administrativo;5;4;0
acabar;0;9;0
ódio;0;7;1
vulnerabilidade;0;8;0
vocabulário;1;2;5
visibilidade;0;8;0
videográfica;0;3;3
verso;0;4;4
verificação;0;2;5
variação;2;3;3
união;0;7;1
torre;0;4;4
terminologia;0;1;7
sólido;2;4;2
sítio;0;2;6
subsidiar;3;2;3
subjetivo;0;6;2
subjetividade;2;4;1
sonoro;0;3;4
simples;0;4;2
sexual;3;4;1
semiestruturadas;3;0;5
secundário;0;2;6
sanitário;5;2;1
rotina;4;4;0
república;0;8;0
reproduzido;8;0;0
renda;4;3;0
religião;0;8;0
relatório;1;2;5
relacionamento;1;6;0
recorrer;0;3;4
recentemente;1;5;2
reafirmar;1;3;4
quadrado;2;2;4
pôr;1;7;0
proveitoso;8;0;0
prosperidade;8;0;0
pronto;8;0;0
profissão;0;8;0
preliminar;2;2;4
prejuízo;3;3;2
portar;0;4;3
permanente;1;1;6
perder;2;1;5
pena;1;3;2
passagem;0;6;2
palma;8;0;0
original;0;5;3
onda;0;7;1
olinda;0;1;5
ocupação;4;3;1
ocorrido;2;4;2
ocasionar;6;2;0
ocasionado;7;1;0
nexo;8;0;0
multimodais;3;3;1
multidisciplinar;1;0;7
moscovici;0;0;8
modificar;0;5;3
missão;2;3;2
mestrado;0;1;7
materialidade;0;2;6
manifestar;0;8;0
limitação;2;5;1
ligar;0;4;3
legião;0;0;8
judicial;0;7;1
inédito;0;1;7
interseção;1;2;5
interno;1;4;3
inicialmente;1;4;3
infográficos;0;5;2
imprensa;1;5;2
hegemônico;4;4;0
guiar;0;2;6
globalização;3;2;1
genero;2;6;0
francês;0;8;0
foto;0;6;1
fisioterapia;1;4;3
finalizar;1;6;1
falecido;2;5;0
facilidade;4;4;0
externa;4;3;1
expressivo;2;4;2
expectativa;5;3;0
exercer;1;7;0
envolvimento;3;1;4
entregador;1;0;5
educamos;8;0;0
ditadura;0;8;0
dirigir;1;5;2
digital_humanities;0;1;6
dialógico;2;2;1
diabetes;8;0;0
desvalorização;8;0;0
descritor;0;2;5
descoberta;1;2;4
defesa;1;7;0
decorrência;3;4;1
culminar;0;6;2
criador;0;7;0
crescer;0;4;1
correlacionar;0;7;1
consulta;0;1;6
condizente;8;0;0
concentrar;0;7;1
comunicativo;5;2;1
compreensivo;8;0;0
composição;0;5;3
comportamental;2;6;0
competição;1;4;1
comercial;3;5;0
comentário;0;3;4
combate;0;8;0
clínico;2;0;6
circular;2;2;4
cidoc;0;0;6
caro;8;0;0
carlos;0;6;1
caracterizado;1;1;6
capital;0;6;2
capacitamos;8;0;0
brilhante;8;0;0
branquitude;0;8;0
big;1;2;5
atrair;2;1;5
arcabouço;0;1;7
aprimorar;7;1;0
aplicabilidade;0;7;1
antônio;1;2;3
ameaça;2;6;0
alvo;1;4;3
alteração;1;5;2
alimentação;3;5;0
algoritmo;2;5;0
agropecuário;5;0;0
afirmação;4;4;0
adquirir;2;3;3
acumulação;0;7;0
aceitação;3;3;2
índice;2;3;2
étnico;0;5;2
áfrica;0;5;1
vontade;0;5;0
volta;2;4;1
vigilância;0;5;1
viagem;0;4;2
twitter;0;4;2
turístico;0;4;1
trans;0;6;1
teste;2;1;4
telemedicina;7;0;0
tecido;1;3;3
tecer;1;6;0
suposição;0;2;3
superman;0;5;0
sucessório;1;4;1
sucessão;1;6;0
sistematizar;1;2;4
sinalizar;1;6;0
sexo;0;7;0
sexismo;0;4;2
sessão;0;1;6
sensível;1;5;1
semântica;0;0;7
seminário;0;2;4
saudável;6;1;0
ruptura;1;6;0
rico;0;6;1
retomar;2;4;1
respectivo;0;6;1
requisito;3;2;2
representatividade;1;5;1
repertório;1;4;2
reconhecido;3;4;0
proposição;0;4;3
privacidade;3;4;0
priorizar;1;1;5
predominância;0;5;2
preconceito;0;6;0
praticamente;0;2;5
porque;3;3;1
poderoso;0;7;0
pluralidade;2;4;0
pierre;0;6;1
pertencer;1;3;3
perpassar;2;4;1
permanecer;1;4;2
paulista;0;2;5
originário;1;5;0
organizado;0;2;5
oliveira;0;2;5
oeste;1;4;2
objetivamente;2;4;1
nunca;2;5;0
neoliberal;0;5;2
mínimo;0;5;2
moldagem;1;2;2
mensagem;0;6;0
medicina;0;1;5
manipulação;1;6;0
listar;0;2;5
limitado;4;2;1
lançamento;0;2;5
kahlo;0;6;1
isentar;5;2;0
intrínseco;2;3;2
interdisciplinaridade;1;1;4
intercultural;0;2;4
integrativo;0;0;7
informativo;1;2;4
informal;4;3;0
impressão;0;5;1
implantação;3;2;2
imaginário;0;7;0
ilustrar;0;3;4
iii;0;7;0
igualdade;0;7;0
ideológico;1;5;1
hábito;2;5;0
http;0;0;4
historicamente;3;4;0
grau;2;4;0
golpe;0;6;1
funcionário;1;5;1
funcionalidade;1;2;4
frida;0;6;1
frequentemente;2;3;2
favor;1;6;0
faixa;1;2;4
fachada;0;0;5
extremamente;1;4;2
expandir;2;4;1
existencial;2;3;1
executivo;1;5;1
etário;1;2;4
estruturação;1;3;2
estação;2;0;4
estatística;0;0;7
estadunidense;0;4;3
esporte;1;5;1
espacial;0;4;1
escasso;1;2;3
enfocar;1;0;6
enfermeiro;6;0;1
empregado;0;2;5
embasamento;0;1;6
droga;3;2;0
doutrina;0;2;5
dor;4;3;0
dominação;0;6;0
documentar;1;0;5
disposição;3;4;0
dialético;0;2;3
desencadear;5;1;1
desejar;4;1;2
descrito;2;3;2
deleuze;0;6;0
câmara;0;0;6
criptomoedas;2;2;2
convivência;5;1;1
convencional;2;3;2
contradição;0;6;1
contabilidade;6;0;1
conselho;2;4;1
condução;2;1;3
concretizar;1;3;3
compra;0;5;0
colonialismo;0;7;0
citar;1;3;2
certo;2;4;0
campino;1;1;4
campeonato;3;1;1
br;0;0;4
bolsa;0;0;7
blog;0;3;3
bastante;1;3;3
assédio;0;5;0
arquivamento;0;0;7
arquitetura;0;3;2
apropriar;1;5;1
aparecer;0;5;2
ancorar;1;0;6
alterar;1;5;1
alcançado;5;1;1
acumular;4;1;2
acontecimento;0;6;0
acelerado;2;5;0
absoluto;4;1;2
abarcar;1;4;2
aa;1;1;5
ótica;0;4;2
youtube;4;1;1
violento;0;5;1
veículo;2;1;2
versar;1;3;2
vedete;0;3;3
variado;1;0;5
validação;0;2;3
validar;2;2;2
unir;2;0;4
trova;0;1;2
transmissão;0;6;0
tradução;0;4;2
traduzir;3;1;2
tradição;0;4;2
tirar;0;1;3
televisão;1;4;1
síntese;1;3;2
superação;1;3;2
som;0;6;0
sociológico;0;0;5
sobrevivência;2;3;1
sistêmico;3;3;0
sintetizar;1;1;4
singularidade;0;2;4
singular;0;6;0
sim;2;4;0
silencioso;0;2;4
sensibilidade;1;5;0
senhor;1;0;5
seguidor;0;5;0
segmento;3;2;1
sd;5;0;1
satisfação;3;2;1
sars;2;3;1
rf;1;0;5
retorno;0;5;0
resultante;2;4;0
residir;0;5;1
remoção;0;2;4
relacional;2;0;2
regulamentação;2;4;0
regulamentar;5;1;0
regra;0;5;0
redefinição;3;2;1
recomendação;2;3;1
radicular;0;0;5
protagonismo;1;3;2
projetar;0;3;3
problematizações;5;1;0
preventivo;3;2;1
prestação;5;0;1
pressuposto;1;5;0
premissa;0;3;3
prefeitura;1;0;4
posteriormente;1;2;3
poema;0;4;2
pernambuco;0;1;5
paul;0;6;0
patrimonial;3;2;1
patologia;1;1;4
parceiro;0;1;5
paixão;0;1;4
ortodontia;3;1;1
oriundo;2;3;1
opressão;1;5;0
ofício;1;3;2
obtenção;3;2;1
obstáculo;6;0;0
notar;1;5;0
mês;1;3;2
méxico;0;2;4
métrico;0;0;5
modelagem;1;2;2
ministrar;5;0;1
minimizar;4;0;2
milhão;1;5;0
metadados;0;1;5
mentoria;4;1;1
mentor;3;1;2
mencionar;3;3;0
medir;2;3;1
medicamento;2;1;3
materializar;0;3;3
massivo;1;2;3
massa;0;2;4
map;0;0;6
magalhães;1;1;4
líder;3;2;1
linked;0;0;6
link;1;1;4
ligação;1;1;4
ligado;1;5;0
liderança;2;4;0
legado;0;3;1
jornalismo;2;2;1
item;0;2;4
iphan;0;0;6
investigado;2;1;3
intersecção;1;4;1
interior;2;3;1
inter;0;2;4
intensificar;3;1;0
inteligência;0;5;1
instância;0;6;0
iniciação;0;0;6
inerente;1;5;0
indústria;0;5;1
indexação;0;0;6
independente;3;3;0
incerteza;0;5;0
incentivar;2;3;1
impor;0;5;1
imergir;2;4;0
imaterial;0;5;1
ilegal;0;4;0
idioma;1;1;3
honra;0;5;0
herdeiro;0;5;0
guardar;0;6;0
grosso;0;1;2
geológico;0;5;1
gasto;0;5;0
fundação;1;2;3
fundamentação;1;4;1
freud;0;4;2
frequente;1;1;4
framework;3;1;2
fortemente;2;4;0
formativo;3;1;2
flusser;0;6;0
fisioterapeuta;3;1;2
fiscalização;5;0;0
filosófico;1;4;1
fapesp;0;0;5
extração;0;0;5
experimental;0;2;4
evidente;4;2;0
etnográfico;0;4;2
esteroides;4;1;1
estabelecido;0;5;1
espectador;0;5;0
envelhecimento;1;5;0
engendrar;3;2;1
engajar;3;2;0
eficiência;1;4;1
editar;0;3;3
edital;0;0;6
ecologia;1;5;0
dominar;2;2;1
documentário;0;1;5
diversificado;1;1;4
dito;0;5;1
distinguir;0;5;0
discriminação;0;6;0
direção;1;4;1
dignidade;0;6;0
dezembro;2;2;2
desenho;2;1;3
desenhar;1;3;2
desdobramento;3;3;0
delinear;3;0;2
decidir;2;3;1
cênico;0;6;0
cuidadoso;5;0;1
criticamente;1;3;2
cov;2;3;1
corporal;1;4;1
cor;0;2;1
conversa;0;1;5
consumir;1;4;0
consolidar;2;3;1
conquista;2;2;0
congresso;0;0;6
confirmar;0;4;1
concentração;2;3;0
comércio;1;2;2
composto;0;2;4
comparação;1;5;0
combater;1;4;1
colonialidade;0;3;2
coimbra;2;1;3
catálogo;0;0;6
casamento;0;5;0
caricatura;0;3;2
biológico;1;3;2
averiguar;0;1;5
atriz;0;5;1
ascensão;0;6;0
artefato;2;3;1
armazenar;0;5;1
argumentação;1;0;5
aprofundamento;1;3;2
antropologia;0;5;1
antiguidade;0;4;2
animação;1;4;1
alinhado;2;3;1
ahp;0;0;4
agregar;4;0;2
afetado;1;3;2
acompanhamento;6;0;0
abuso;6;0;0
ótimo;1;0;2
órgão;3;2;0
zona;0;5;0
workshop;2;1;2
wikipedia;0;0;4
vívido;2;2;1
vislumbrar;2;1;2
virtude;4;1;0
violação;0;5;0
versão;0;2;3
venda;0;5;0
usp;0;0;5
usabilidade;1;0;4
ufma;0;1;3
tweets;0;2;2
tríade;1;0;3
tribunal;0;4;1
transporte;1;3;1
transparência;0;5;0
transferir;2;1;2
transcrição;0;3;2
transação;1;4;0
tocantins;3;1;1
to;0;1;4
tido;4;1;0
testar;0;3;1
terapêutico;4;1;0
taxa;0;3;2
sucedido;3;2;0
substituição;0;4;1
sublinhar;5;0;0
sp;2;1;2
soviético;0;4;0
somar;1;4;0
solucionar;3;1;1
sofrimento;0;5;0
soberania;1;4;0
sintoma;0;1;3
simulação;0;1;4
senso;0;2;3
semestre;3;0;2
retomada;1;4;0
ressignificação;5;0;0
respeitar;1;3;1
remunerar;1;0;4
relativamente;0;5;0
reivindicação;0;5;0
regulação;0;5;0
redor;0;5;0
qualitativamente;0;5;0
psicólogo;4;0;0
psicanálise;0;2;3
psf;1;1;3
proximidade;1;1;3
proteger;1;4;0
protagonista;0;4;1
profundamente;0;5;0
prof;3;1;1
processual;1;2;2
processar;0;2;3
privilegiado;4;1;0
prisma;1;4;0
preto;1;2;2
preocupar;2;2;1
predominante;1;3;1
preconizar;0;4;1
praticante;1;1;3
potência;2;1;2
postura;1;4;0
posterior;1;3;1
posicionar;0;4;1
posicionamento;0;2;2
polêmico;1;3;1
poesia;0;2;3
plural;1;3;1
pleno;1;4;0
planta;1;0;4
pioneiro;0;2;3
piauí;0;0;5
personalização;5;0;0
personalizado;5;0;0
perda;1;4;0
parcial;0;1;4
paraná;1;1;3
pagamento;0;2;2
organizacional;1;4;0
oralidade;0;0;4
opção;1;3;1
open;0;0;5
ocidente;0;4;1
obrigatório;2;1;1
obrigar;1;4;0
numeroso;1;3;1
multiletramentos;4;1;0
multidimensional;0;1;4
motor;1;1;3
motivador;2;2;1
monografia;0;0;5
modernização;0;5;0
mobilização;2;3;0
migração;2;2;1
michel;0;5;0
meta;1;2;2
mero;2;3;0
memes;1;3;1
membro;0;1;4
marxista;0;3;2
marginalizar;0;5;0
maranhão;1;4;0
mar;1;2;1
manual;1;1;3
ma;0;3;1
lispector;0;4;1
laboral;2;3;0
juventude;0;5;0
justo;2;3;0
jurisprudencial;0;3;2
julgamento;2;0;3
jornalista;0;5;0
itinerário;1;1;3
interpretar;0;5;0
internacionalização;0;0;5
interessado;1;0;4
integrante;0;0;5
institucionalizar;1;1;2
instalação;1;4;0
inquietação;2;1;2
inocência;0;4;0
ininterrupto;1;4;0
information;0;0;5
industrial;0;4;1
indispensável;3;2;0
incentivo;2;3;0
imprimir;0;4;1
iep;5;0;0
humanista;0;1;4
homo;0;4;0
historicidade;0;4;1
hipertensão;5;0;0
hermenêutica;0;3;2
hegel;0;5;0
hanói;0;4;1
guimarães;3;0;2
gravação;0;0;5
gratuito;2;0;3
funes;0;2;1
fundado;0;5;0
foucault;0;5;0
formado;0;2;3
forense;0;0;5
flexibilidade;2;1;0
fito;0;0;5
festa;0;2;3
feminista;0;5;0
feminismo;0;5;0
federativo;0;5;0
falso;0;4;1
falha;1;4;0
fairness;0;0;3
facilitador;4;1;0
fabricação;2;1;2
extrair;0;1;4
extenso;0;0;5
explícito;1;4;0
exemplificar;0;0;5
exclusivo;2;2;1
estudioso;0;4;1
estimativa;0;3;2
estender;0;2;3
esquerdo;0;4;0
esportivo;0;2;2
especialização;0;0;5
ernesto;2;1;2
equilibrar;3;2;0
entrega;2;3;0
enorme;1;3;1
endodontia;0;0;5
elevado;2;2;1
eleger;0;0;3
el;1;1;3
efetivação;1;3;1
efetivamente;4;1;0
edictor;0;0;3
ecossistema;2;3;0
distante;0;0;5
disponibilidade;0;2;3
dilema;0;5;0
detentor;3;2;0
detalhe;2;2;1
destino;1;1;2
desenvolvedor;0;4;1
derivar;0;4;1
derivado;0;5;0
depoimento;0;4;1
dependência;0;2;2
densidade;0;2;3
democratizar;4;0;1
declarar;2;2;1
dança;2;1;2
céu;0;2;1
cyberbullying;3;1;0
cumprimento;1;4;0
crm;0;0;5
corresponder;0;3;2
correspondente;5;0;0
coordenado;2;0;1
conviver;2;2;0
conto;0;2;2
consultar;1;1;3
constitutivo;0;2;3
constitucional;0;5;0
consolidado;1;2;2
conservação;2;2;1
consciência;0;4;1
conjuntura;0;4;1
conceituar;0;5;0
comunicacional;3;2;0
começar;2;2;0
colômbia;0;4;0
coletar;1;1;3
cnpq;0;0;5
cesima;0;1;3
cegueira;0;4;0
catarina;1;0;4
carreira;1;2;2
caracterização;0;2;3
canção;0;4;1
camada;0;4;0
burnout;4;0;0
biologia;4;0;1
biodiversidade;1;1;3
bibliotecário;3;0;2
belgrado;0;4;0
aumentado;3;2;0
atrás;2;2;1
assegurar;1;2;2
artificial;0;4;1
aquarela;0;4;1
almeida;5;0;0
alinhar;3;1;1
alerta;0;3;2
agrícola;3;1;1
agricultura;1;1;3
afim;2;0;3
afastar;1;3;1
acidente;0;2;3
academia;2;0;3
abrangência;0;2;3
abertura;0;2;3
3d;0;1;4
xviii;1;3;0
wikipédia;0;0;4
white;0;3;0
whatsapp;2;2;0
vínculo;0;4;0
vulnerável;2;2;0
voluntário;0;1;3
virtualização;0;1;3
verde;0;2;1
veicular;0;3;1
vegetal;0;2;1
variar;0;2;2
usufruir;1;3;0
universal;0;3;0
unesp;0;0;4
ultrassom;0;0;3
ufba;2;0;2
uesb;0;0;4
uberização;0;4;0
tuxmath;4;0;0
tudo;0;4;0
trânsito;1;3;0
trás;1;2;1
tributação;1;1;2
transferência;3;1;0
transdisciplinares;0;1;3
trama;0;4;0
trajetória;1;3;0
tocar;0;3;1
tipologia;0;2;2
testemunhar;0;4;0
terminológico;1;0;2
terapia;3;0;1
tensão;0;3;1
teletrabalho;3;0;1
tela;2;1;1
sério;0;4;0
sustentação;0;1;3
suscitar;2;1;1
supracitado;0;1;3
suma;1;3;0
solidariedade;0;4;0
socioambientais;2;1;1
smartphones;2;2;0
sinal;1;1;1
simplificar;1;1;2
sgdi;0;0;4
sexualidade;0;4;0
setembro;3;0;1
sensu;0;0;3
semelhança;0;3;1
semanal;0;0;4
secretaria;2;0;1
secessão;0;3;1
rosar;0;4;0
rondônia;4;0;0
romper;2;2;0
romano;0;3;1
rn;1;2;0
ritual;0;3;0
revolucionário;0;4;0
rever;1;2;1
reunião;0;1;3
retórica;0;1;3
retirar;0;3;1
restar;2;2;0
responsabilização;0;4;0
respaldar;0;1;3
resolver;2;1;1
residência;4;0;0
representativo;0;2;2
representante;0;3;1
reportagem;0;3;1
repetitivo;2;2;0
repensar;0;1;3
reiterar;2;0;2
reinserção;3;1;0
redução;1;1;2
rapidamente;1;3;0
racialidade;0;4;0
quesito;4;0;0
punk;0;4;0
psíquico;0;3;1
prévio;2;1;1
província;2;2;0
protocolo;0;1;3
prospecção;0;0;4
proporção;0;4;0
prol;2;2;0
projeção;0;1;3
programar;1;2;1
profícuo;4;0;0
privilegiar;0;3;1
primordial;3;0;1
primitivo;0;4;0
primeiramente;1;1;2
preço;0;4;0
presunção;0;4;0
prestar;2;1;1
pressão;2;2;0
presidente;0;4;0
predominantemente;2;1;1
precisão;2;0;2
precarização;1;3;0
posto;1;3;0
postal;0;0;4
pontuar;1;1;2
ponta;1;3;0
polícia;0;4;0
polifônico;0;2;1
podcast;0;3;1
pobreza;0;4;0
plantação;0;2;1
pintura;0;4;0
pertencente;0;2;2
perigo;1;3;0
penal;0;3;1
paz;0;2;2
passivo;1;3;0
partilhar;0;4;0
particularmente;3;0;1
paralelo;0;4;0
paradoxo;0;2;2
padlet;4;0;0
pa;2;1;1
ouvir;2;2;0
oriente;0;2;2
oposição;0;4;0
ontologia;1;2;1
oficina;0;0;4
ocorrência;1;2;1
ocidental;0;4;0
obviamente;1;1;2
obrigação;1;2;0
nuançar;0;1;3
notório;0;4;0
notadamente;0;3;0
nordestino;0;3;1
nomear;0;4;0
ninguem;4;0;0
nilo;0;4;0
nietzsche;0;4;0
neurociência;2;0;2
nazista;0;2;1
navegação;1;2;1
museológico;0;4;0
muro;2;2;0
multimodal;3;0;1
multifacetado;1;2;1
morar;0;2;1
morador;0;4;0
moradia;1;2;1
monumento;0;3;1
modificação;0;4;0
mitigar;3;1;0
michoacán;0;0;4
metragem;0;4;0
metodista;1;0;3
metilfenidato;3;0;1
metafísica;0;3;1
mestre;0;2;2
medo;1;3;0
medline;0;1;2
medieval;0;3;0
medicinal;0;3;1
matriz;1;2;1
marca;0;4;0
maranhense;2;1;1
manejo;3;1;0
maio;0;3;0
luis;0;0;4
locativos;0;3;0
limitar;1;2;1
lilacs;0;0;3
libra;1;1;1
levy;1;3;0
letivo;4;0;0
lesão;4;0;0
lema;0;0;4
legislativo;0;2;2
le;3;0;0
kumaravadivelu;1;2;0
kress;0;2;1
kalantzis;4;0;0
justificar;0;1;3
juiz;0;3;0
joão;0;2;2
jorge;0;0;4
jesus;0;3;1
iv;1;3;0
iugs;0;2;2
itacoatiara;4;0;0
iramuteq;0;0;4
investigador;0;1;3
invenção;3;1;0
inundação;0;1;3
intervir;2;1;1
interessar;0;4;0
interculturalidade;0;4;0
interconexão;1;2;1
intensificação;1;3;0
institucionalização;0;1;3
instalar;1;2;1
inferir;0;2;2
indicador;2;0;2
independência;0;2;1
incipiente;2;0;2
incessante;1;3;0
imersão;1;1;2
ibram;0;0;4
humor;1;2;0
hiperdia;4;0;0
heterogêneo;2;1;1
herói;0;3;0
hegemonia;0;4;0
habitar;0;4;0
gênese;0;3;1
guia;1;1;2
grego;0;3;1
goiás;0;3;0
go;0;4;0
geométrico;1;2;1
generos;0;3;1
fértil;0;3;1
fundo;1;1;2
frequência;0;2;2
freiriana;1;0;2
fragilidade;1;0;3
formular;1;3;0
fomento;1;1;2
folha;0;4;0
fisher;0;3;1
financiamento;0;1;3
finalmente;1;0;3
filtro;0;3;1
figurar;2;1;1
fenotípicos;0;1;2
felino;0;1;3
farmacológico;3;0;0
faceta;1;0;3
explorado;0;4;0
experimento;0;1;3
exigência;2;1;1
exclusivamente;1;3;0
excesso;0;3;0
etnografia;0;2;2
estruturar;0;2;2
espetáculo;0;4;0
esperança;0;3;0
especificação;0;0;4
escutar;1;2;1
esclarecer;2;1;1
epidemiológico;1;3;0
entrar;1;2;0
entidade;1;3;0
ensejar;2;2;0
enriquecimento;0;3;1
enredo;0;2;2
enquadramento;0;3;1
englobar;1;0;3
engenharia;1;0;2
empoderamento;0;1;3
emocional;2;2;0
eleição;0;2;2
eixo;0;2;2
educação_a_distância;4;0;0
economicamente;0;4;0
eco;0;4;0
dr;0;1;2
divisão;0;3;1
distinção;1;2;1
dispor;0;3;1
discrepância;0;4;0
disco;0;4;0
diminuir;0;2;1
digitalmente;1;2;1
diariamente;0;2;2
di;4;0;0
detrimento;1;2;1
detalhado;0;1;2
destruir;1;2;1
depreender;0;4;0
declínio;2;1;0
declaração;1;3;0
datar;0;2;2
césar;0;3;1
crônico;4;0;0
cruzar;0;1;3
cruz;0;1;3
cronológico;0;2;2
cpc;0;0;4
corte;0;2;2
correção;0;2;2
copar;4;0;0
contábil;2;1;1
controvérsia;0;1;3
contextual;0;2;2
contaminação;4;0;0
contagem;0;2;2
conta;0;2;1
consonância;0;2;2
consistente;0;3;1
conseguinte;3;1;0
conscientização;2;2;0
confiança;1;3;0
confiabilidade;0;1;3
conferir;2;0;2
comportar;0;4;0
compilar;0;2;2
competitivo;0;2;2
colaborador;1;1;2
clarice;0;3;1
citado;2;0;2
cirurgia;1;0;2
celebrar;1;3;0
católico;0;0;3
carácter;0;2;2
cartografia;0;2;2
captura;0;2;2
candidato;0;2;1
cair;2;1;1
bolha;0;4;0
blogs;0;1;3
bloco;0;1;3
beauvoir;0;4;0
bakhtin;0;3;1
aí;3;1;0
aventura;0;3;1
avançar;2;2;0
automático;0;0;4
atravessar;0;4;0
atraente;3;1;0
atlântico;0;1;3
assistência;4;0;0
art;0;3;0
ars;0;0;4
arquitetônico;0;1;3
arqueológico;1;3;0
argumentativo;0;1;3
aprofundado;2;1;1
aprendiz;4;0;0
aporte;1;1;2
apelar;0;1;3
anticomunista;0;4;0
ambiência;0;4;0
amaral;0;1;3
am;4;0;0
almejar;0;2;2
alimento;1;3;0
alicerçar;2;0;2
alegoria;0;4;0
ajustar;2;2;0
ajuda;1;1;1
agrupar;0;0;4
agronegócio;0;3;1
agressor;3;1;0
agilidade;1;3;0
agenda;0;2;2
afrodescendentes;0;2;1
afro;0;4;0
afinal;0;3;1
afetivo;0;4;0
adriano;1;3;0
aderir;0;3;0
adequar;1;1;2
abril;0;2;2
abandono;0;4;0
égide;1;2;0
ápice;0;3;0
álcool;2;1;0
zaba;0;2;1
westworld;0;3;0
wegner;1;1;1
wagner;1;2;0
visível;0;2;1
visualidade;0;2;1
visitante;0;2;1
visita;0;2;1
violar;0;2;1
viola;0;3;0
vingança;0;3;0
vilém;0;3;0
vigor;0;2;1
view;0;0;3
vento;0;2;1
vender;0;2;1
variedade;1;1;1
van;0;2;1
valéria;0;0;3
validade;0;1;2
vacinação;0;3;0
vacina;0;2;1
utilizá;3;0;0
utilidade;0;1;2
urgência;2;1;0
uno;1;1;1
unb;1;0;2
ultrapassar;2;1;0
ufsc;0;1;2
ufrgs;0;1;2
ubíquo;1;2;0
tímido;0;3;0
tv;1;0;2
tumba;0;3;0
trágico;0;2;1
treinar;1;1;1
traço;0;2;1
traçado;2;0;1
transversal;1;1;1
transcender;2;1;0
trabalhado;0;0;3
totalmente;2;1;0
tombo;0;0;3
titular;2;1;0
timeline;0;0;3
terrestre;1;1;1
teoricamente;1;1;1
teor;1;2;0
temporomandibular;2;0;1
tematização;0;0;3
technology;0;0;3
tardio;0;3;0
tanque;2;0;1
tablets;2;1;0
suzanne;0;3;0
suspensão;2;1;0
sugestão;1;2;0
subprojeto;1;0;2
submeter;0;2;1
subjacente;1;1;1
strike;1;2;0
sociolinguística;0;1;2
simone;1;2;0
simbiose;0;2;1
signo;0;3;0
significação;0;2;1
sentir;2;1;0
sentimento;0;2;1
sentença;0;3;0
sensação;1;2;0
selo;0;0;3
seletivo;1;1;1
sede;0;3;0
seara;0;3;0
screenagers;1;0;2
schroeder;0;3;0
sapiens;1;1;1
sadler;2;1;0
rüsen;0;0;3
rádio;1;1;1
ruína;0;2;1
russo;0;2;1
rpg;2;1;0
rp;2;0;1
rosário;0;0;3
rodriguez;0;3;0
roda;0;0;3
revolto;0;3;0
revisitar;1;2;0
reutilização;0;1;2
retrospectivo;0;1;2
retornar;0;1;2
resíduo;2;1;0
restringir;0;2;1
residente;0;2;1
resgate;0;3;0
resenha;0;1;2
reproduzir;1;2;0
repetição;1;2;0
renovar;2;1;0
remeter;0;3;0
remark;1;1;1
releitura;0;2;1
reivindicar;0;3;0
reinvenção;0;3;0
rei;0;2;1
regência;3;0;0
regularidade;0;0;3
regulador;2;1;0
reformular;0;3;0
recriar;1;2;0
reconstrução;0;3;0
reconfiguração;0;2;1
recompensa;3;0;0
recife;0;2;1
realmente;0;1;2
realista;1;2;0
realismo;0;3;0
rappi;0;0;3
radical;2;1;0
racionalidade;0;2;1
racional;3;0;0
quarto;0;1;2
quali;0;0;3
punir;2;1;0
publicidade;1;1;1
psicopatológico;0;2;1
provavelmente;1;2;0
protagonizar;0;3;0
propaganda;0;2;1
promovido;2;1;0
programação;0;2;1
proficiência;3;0;0
produtividade;0;3;0
proceedings;0;0;3
prisional;1;2;0
primórdio;2;1;0
primordios;0;3;0
prevalência;2;1;0
prescrito;0;0;3
prejudicar;1;2;0
preferência;1;2;0
precedente;0;3;0
power;2;0;1
potencialmente;1;2;0
potencialização;1;2;0
portugal;1;1;1
porto;0;1;2
porte;0;3;0
populismo;0;3;0
poppe;0;3;0
pontual;0;3;0
poluição;1;2;0
politécnico;2;1;0
polarização;0;3;0
pokémon;0;3;0
pnedh;3;0;0
plataformização;1;2;0
planilha;0;0;3
pinto;1;2;0
piloto;0;1;2
php;0;0;3
peça;0;3;0
pertencimento;1;2;0
personalizar;3;0;0
persistir;1;2;0
perpetuação;2;0;1
pernambucano;1;1;1
permanência;0;3;0
periodicos;0;0;3
pelagem;0;1;2
pe;0;1;2
patriótico;0;3;0
patente;0;1;2
partido;0;2;1
parque;0;2;1
pandêmica;0;3;0
paliativo;3;0;0
palco;0;3;0
otimizar;3;0;0
originar;3;0;0
orientador;2;0;1
or;0;0;3
operatório;0;1;2
opacidade;0;2;1
odontologia;1;0;2
ocultar;0;2;1
obstante;0;3;0
oas;3;0;0
nuvem;0;2;1
ntic;3;0;0
novembro;0;1;2
notoriedade;0;1;2
nomeadamente;1;2;0
noite;0;2;1
nicolas;0;3;0
new;1;0;2
nazaré;0;0;3
nascer;1;0;2
narrar;0;2;1
nada;0;2;1
mônica;3;0;0
mágico;1;1;1
multiplicidade;1;1;1
multilíngue;0;1;2
mudo;0;2;1
mover;1;2;0
mormente;2;1;0
moretti;1;0;2
monumental;0;2;1
montagem;0;3;0
monitorar;2;1;0
mirar;0;1;2
mineiro;1;1;1
midiático;0;2;1
midiatização;0;2;1
metafunção;0;2;1
metabólico;3;0;0
mesa;0;1;2
mensuração;0;1;2
mensurar;1;1;1
menezes;0;3;0
memorial;0;1;2
mello;2;1;0
mellitus;3;0;0
melhora;3;0;0
melar;0;0;3
medievo;1;2;0
mediador;2;1;0
mecânico;0;3;0
meado;0;3;0
maximizar;2;1;0
marx;0;2;1
mark;0;3;0
margem;0;3;0
marcante;1;1;1
marcado;0;3;0
maravilha;0;3;0
maquiavel;0;2;1
mansplaining;0;3;0
mandato;0;3;0
mal;0;3;0
majoritário;1;1;1
lábrea;3;0;0
luís;1;1;1
luto;3;0;0
luso;0;2;1
luhmann;0;3;0
lopes;0;0;3
longe;0;2;1
localização;0;1;2
liu;0;3;0
lisboa;0;1;2
linear;0;1;2
licenciar;2;1;0
libertador;0;3;0
lexical;0;1;2
leve;0;2;1
levantado;1;0;2
letalidade;0;3;0
lente;1;1;1
leigo;0;3;0
legar;0;2;1
leeuwen;0;2;1
lecionar;2;0;1
lazer;2;1;0
latente;1;0;2
larhud;0;1;2
largo;1;0;2
juvenil;0;1;2
justificado;0;2;1
jurisdição;0;3;0
junho;0;0;3
julho;0;2;1
judiciário;0;3;0
john;0;2;1
jogar;2;1;0
iugoslavo;0;3;0
ira;0;1;2
investir;2;1;0
intolerância;0;3;0
interlocutor;0;3;0
interligar;0;2;1
intelectualidade;0;3;0
integridade;0;1;2
insumo;1;1;1
instituir;1;2;0
instaurar;0;3;0
instantâneo;1;2;0
insegurança;1;2;0
inscrição;2;1;0
inscrever;0;2;1
inocente;1;2;0
informado;2;1;0
infantojuvenil;1;1;1
inegável;1;2;0
indutivo;0;1;2
individualização;0;2;1
indicado;0;1;2
index;0;0;3
incidência;0;2;1
imenso;0;2;1
imbricar;1;2;0
imago;0;0;3
igualitário;3;0;0
ifam;1;0;2
icom;0;1;2
humanístico;0;0;3
humanidades_digitales;0;1;2
humaitá;1;0;2
hospital;0;3;0
homossexual;0;3;0
hidrogênio;2;0;1
hibridização;0;3;0
heurístico;0;0;3
heterogeneidade;1;1;1
hemeroteca;0;2;1
hashtags;0;1;2
has;2;1;0
hardcore;0;3;0
han;0;2;1
habitante;0;3;0
gás;1;2;0
greimasiana;0;3;0
gravidade;0;2;1
grafia;1;1;1
gps;0;1;2
governança;0;3;0
gosto;1;2;0
gonçalves;3;0;0
golpista;1;2;0
golpismo;0;3;0
globalizar;2;1;0
gilda;0;2;1
gil;0;0;3
gerenciar;1;2;0
geralmente;1;2;0
geogebra;1;0;2
genérico;1;2;0
genuíno;0;3;0
garantido;1;2;0
game;0;1;2
gambiarra;0;3;0
fórmula;0;2;1
fuzzy;0;1;2
fusão;0;3;0
fraude;0;2;1
franco;0;0;3
fragmento;0;0;3
fossar;1;1;1
focalizar;1;2;0
fn;0;2;1
floresta;0;2;1
flexível;0;2;1
fixo;0;2;1
fisioterapêutica;2;1;0
fiscal;1;2;0
filiação;0;0;3
filatélico;0;0;3
ficcional;0;2;1
fenomenologia;1;1;1
famoso;0;1;2
famfs;0;2;1
facilitação;1;1;1
facilitado;0;2;1
extraordinário;1;1;1
exterior;0;1;2
explicação;1;2;0
explicativo;0;0;3
experimentado;0;3;0
exibição;0;2;1
excessivo;1;1;1
ex;1;1;1
evocar;0;2;1
eventual;0;3;0
eurocentrismo;1;2;0
estreito;1;1;1
estimulação;3;0;0
estigmatização;1;2;0
estatisticamente;0;3;0
estabilidade;0;3;0
esquecimento;0;2;1
especificar;1;1;1
especialidade;1;1;1
escolarização;1;2;0
equilíbrio;3;0;0
ept;1;1;1
episódio;0;2;1
enxergar;0;3;0
enunciação;0;2;1
entrevistar;2;0;1
ensaístico;0;3;0
enquadrar;0;1;2
engajadora;3;0;0
enfim;0;3;0
enfermagem;2;0;1
empires;0;3;0
emissão;0;2;1
emissor;1;2;0
emblemático;0;3;0
emancipatórios;0;2;1
eduardo;0;0;3
ecológico;1;2;0
dúvida;2;1;0
déficit;1;2;0
doutrinário;0;1;2
dooly;2;1;0
domiciliar;3;0;0
dm;2;1;0
diversificar;3;0;0
distorção;1;2;0
disparidade;2;1;0
disfunção;2;0;1
discorrer;1;1;1
difundir;1;1;1
diferenciar;1;1;1
diferencial;3;0;0
dicotomia;1;1;1
determinante;0;3;0
detalhar;0;2;1
desvelar;0;2;1
despontar;1;1;1
desigual;0;3;0
designação;0;3;0
desemprego;0;3;0
desdobrar;1;0;2
descentralização;0;2;1
descentralizado;1;1;1
dependente;0;3;0
dentista;2;1;0
demonstração;1;1;1
demarcar;0;2;1
delineamento;1;1;1
definitivamente;1;2;0
deborah;0;3;0
debatedor;0;0;3
círio;0;0;3
cão;0;1;2
cunha;2;1;0
criticidade;0;2;1
criterioso;1;1;1
cristina;1;0;2
criminal;0;1;2
couret;0;3;0
counter;1;2;0
cota;1;2;0
costume;0;2;1
corroborar;1;1;1
correspondência;1;1;1
corporação;1;1;1
contraponto;0;1;2
constelação;0;3;0
consenso;1;1;1
conselheiro;2;1;0
conscientizar;0;3;0
consagrar;0;2;1
confronto;0;2;1
conformar;0;0;3
confluência;0;2;1
conferência;0;0;3
condenatório;0;3;0
concluimos;1;1;1
conceder;0;1;2
comunicacionais;0;3;0
comprimento;0;2;1
composicional;0;2;1
complicação;3;0;0
comissão;0;0;3
comercialização;0;2;1
comemorativo;0;0;3
colégio;0;0;3
colonialista;2;1;0
coletividade;0;3;0
coletivamente;0;3;0
colapso;1;2;0
cobrir;0;2;1
co;0;2;1
cliente;0;3;0
classificado;0;1;2
cirurgião;2;1;0
cimplifica;0;1;2
cigarro;1;1;1
cerrado;1;1;1
cerne;0;1;2
cdc;1;2;0
caótico;0;2;1
castro;0;0;3
castells;0;1;2
carência;2;1;0
carteira;0;2;1
carta;0;1;2
capacitado;3;0;0
candidatura;0;1;2
camponês;1;1;1
camargo;1;1;1
calcular;0;1;2
calcificar;0;0;3
cadeia;0;2;1
brasília;1;1;1
bourdieu;0;2;1
bonito;0;3;0
bolsonarismo;0;3;0
bojo;1;1;1
blockchain;1;1;1
bird;0;3;0
bioética;3;0;0
benjamin;0;3;0
belo;0;1;2
bastar;1;2;0
barcelona;0;0;3
bakhtiniana;0;3;0
avaliativo;2;0;1
autoritário;0;2;1
automatizar;0;2;1
autocuidado;2;0;1
autismo;1;0;2
atributo;0;1;2
atrelar;0;1;2
atraves;0;1;2
atitude;0;3;0
assolar;1;2;0
association;0;0;3
article;0;0;3
artesanal;0;3;0
arquivística;0;0;3
arma;0;2;1
arendt;0;3;0
aproximado;1;1;1
aproximadamente;1;1;1
aprovação;1;2;0
aprovar;2;1;0
apreensão;3;0;0
aparecimento;1;2;0
antónio;0;0;3
antártica;1;1;1
antropólogo;0;3;0
antropológico;0;3;0
antecipado;0;2;1
andré;1;1;1
ancestral;1;2;0
analogia;0;3;0
analisá;0;3;0
amenizar;2;1;0
altamente;2;1;0
ali;0;2;1
algodão;0;0;3
alertar;0;3;0
alemão;0;2;1
alarmante;1;1;1
agradecer;0;0;3
agostinho;3;0;0
advogar;0;1;2
adorno;0;3;0
administrar;0;1;2
adicional;2;0;1
adentrar;1;1;1
adaptativo;3;0;0
acolhimento;2;1;0
acima;0;3;0
achado;2;0;1
academic;0;0;3
abusivo;2;1;0
abstrato;0;3;0
abrigar;0;2;1