"";"classe 1";"classe 2";"classe 3"
"digital";0;1;1
"ensino";0;1;1
"pesquisa";1;1;0
"tecnologia";0;1;1
"educação";0;1;1
"social";1;0;1
"artigo";1;0,499;0
"estudo";1;1;0
"informação";1;1;0
"processo";0;1;1
"aprendizagem";0;1;1
"uso";0;1;1
"forma";0,012;1;1
"aluno";0;1;1
"novo";0,272;0,034;1
"professor";0;1;1
"prático";0;1;1
"matemática";0;1;1
"história";1;1;0
"meio";1;1;0
"objectivo";0,002;1;1
"apresentar";1;1;0
"conhecimento";0;1;1
"análise";1;1;0
"utilizar";1;1;0
"partir";1;0;0,006
"dado";1;1;0
"ciência";1;1;0
"contexto";0;1;1
"humanidades_digitais";1;1;0
"relação";0,492;0,104;1
"analisar";0,385;0,365;1
"resultado";0,022;1;0,193
"presente";1;0,012;0,116
"texto";1;1;0,051
"desafio";0;1;1
"realizar";1;1;0
"desenvolvimento";0,003;1;1
"produção";1;1;0,016
"formação";0;1;1
"científico";1;1;0
"brasil";1;1;0
"campo";1;1;0
"também";0,921;0,027;1
"humanidade";1;0;1
"aula";0;1;1
"histórico";1;0;0,01
"público";1;0,49;0,291
"jogo";0;1;1
"assim";1;0,012;1
"abordagem";0;1;0,765
"escola";0;1;1
"pessoa";0,11;0;1
"sociedade";1;0;1
"tecnológico";0;1;1
"recurso";0;1;1
"metodologia";1;1;0
"além";1;0,289;1
"humano";1;0;1
"direito";1;0;1
"educacional";0;1;1
"ferramenta";0;1;1
"bibliográfico";1;1;0
"teórico";1;0,615;0
"necessidade";0;1;1
"brasileiro";1;0,001;0,016
"docente";0;1;1
"comunicação";0,02;1;1
"importância";0;1;1
"conceito";1;0,001;1
"grande";0;1;1
"bem";0,445;0,375;1
"reflexão";0,007;1;1
"vida";0,029;0,031;1
"estudante";0;1;1
"busca";1;1;0
"conteúdo";0,137;1;0,001
"base";1;1;0
"área";1;1;0
"trazer";0,003;1;1
"compreender";1;0,076;1
"representação";1;0,004;1
"autor";1;1;0,22
"através";1;1;0
"ano";1;1;0,019
"tornar";0;1;1
"acesso";1;1;0,006
"abordar";1;1;0,104
"tema";1;1;0
"perspectiva";1;0,9;1
"rede";1;0;1
"pedagógico";0;1;1
"destacar";0;1;1
"mostrar";0;1;1
"ambiente";0;1;1
"projeto";1;1;0
"diverso";1;0,204;0,05
"remoto";0;1;1
"experiência";0,165;0,412;1
"universidade";1;1;0
"possível";0,06;0,993;1
"mundo";0,007;0,607;1
"buscar";0,407;0,339;1
"sentido";1;0,169;1
"diferente";1;0,016;0,699
"questão";1;0,17;1
"pandemia";0;1;1
"considerar";1;0,002;1
"qualitativo";1;1;0
"contribuir";0;1;1
"principal";1;1;0,306
"método";1;1;0
"atividade";0;1;1
"geral";0,094;1;1
"mesmo";1;0;1
"cultural";1;0;0,842
"papel";0;0,851;1
"disciplina";0;1;1
"possibilidade";1;0,001;1
"desenvolver";1;1;0
"construção";1;0;1
"transformação";0;1;1
"obra";1;0,002;1
"discutir";1;0,309;0,851
"plataforma";0,235;1;0,224
"fundamental";0;1;1
"identificar";1;1;0
"ação";0,297;1;1
"problema";0,4;0,116;1
"modo";1;0,002;1
"acadêmico";1;1;0
"mudança";0;1;1
"importante";0;0,662;1
"ainda";1;0;1
"promover";0;1;1
"nacional";0,084;1;0
"aspecto";1;0,004;1
"tratar";1;1;0,028
"leitura";0,137;1;0,16
"instituição";0,081;1;0,491
"estratégia";0;1;1
"discussão";1;0,579;0,131
"tender";0,313;1;1
"cultura";1;0;1
"proposta";1;1;0,002
"mídia";1;0;1
"investigação";1;1;0
"saúde";0,005;1;1
"espaço";1;0;1
"contribuição";0;1;1
"documento";1;1;0
"crítica";1;0,064;1
"vez";1;0;1
"revisão";1;1;0
"grupo";1;0,2;0
"escolar";0;1;1
"modelo";1;1;0
"diante";0;1;1
"dever";0,448;0,918;1
"internet";0,251;0,039;1
"produzir";1;0,047;1
"permitir";1;0,349;0,967
"literatura";1;1;0
"muito";0,36;0,645;1
"inserir";1;1;0,163
"sistema";1;0,003;1
"já";1;0,886;0,44
"covid";0;1;1
"profissional";0;1;1
"objetivo";0;1;0,086
"político";0,188;0,535;1
"língua";0,018;1;0,033
"criar";0,047;0,288;1
"arquivo";1;1;0
"virtual";1;0,142;1
"vir";0;1;1
"palavra";1;0,291;0
"livro";0;1;0,831
"ideia";0,096;0,006;1
"fonte";1;1;0
"explorar";0;1;1
"dificuldade";0;1;1
"dentro";0,264;1;1
"vista";1;0,077;1
"inclusão";0;1;1
"impacto";0;1;1
"específico";0,007;1;0,778
"teoria";1;0,977;0,639
"realidade";0,048;0,572;1
"sala";0;1;1
"investigar";0;1;1
"futuro";0;1;1
"concluir";1;0,883;0,101
"caso";1;0,341;0,736
"respeito";0;1;1
"maior";0,805;0,771;1
"dia";0;1;1
"construir";1;0,116;1
"comunidade";1;0,154;1
"melhor";0;1;1
"encontrar";0,027;1;1
"apenas";1;0;1
"utilização";0,01;1;0,724
"observar";0,227;0,771;1
"longo";0,017;1;1
"atual";0,988;0,013;1
"material";1;1;0
"país";1;0,367;0,01
"levar";0,018;0,233;1
"evidenciar";0,034;1;1
"cotidiano";1;0,008;1
"qualidade";0;1;1
"metodológico";1;1;0
"chave";1;1;0
"período";0;1;1
"passar";1;0;1
"memória";1;0;0,627
"federal";1;1;0
"essencial";0;1;1
"dar";1;0;1
"silva";0,091;1;0,421
"contemporâneo";0,012;1;1
"aplicação";1;1;0,009
"século";0,841;0;1
"médio";0;1;1
"debate";1;0,001;1
"até";1;0;1
"textual";0,676;1;0,006
"pesquisador";1;1;0
"envolver";1;1;0,05
"década";0,054;1;0,395
"principalmente";0,054;1;1
"necessário";0,159;1;1
"enfrentar";0;1;1
"temática";1;0,964;0,001
"online";0;1;1
"habilidade";0;1;1
"físico";0,177;0,866;1
"entender";0,142;0,073;1
"possuir";1;0,07;0,029
"interação";0,636;0,034;1
"maneira";0,374;0,189;1
"relevante";0,267;1;0,034
"propor";1;0,347;0,155
"perfil";0;1;1
"momento";0,689;0,002;1
"eletrônico";0,007;1;0,11
"condição";0,521;1;1
"ativo";0;1;1
"refletir";1;0,014;1
"evolução";0,138;1;1
"corpus";1;1;0
"termo";1;0,173;0,513
"santo";1;1;0,051
"quando";0,955;0,005;1
"potencial";0,001;1;1
"objeto";1;1;0
"jovem";0;1;1
"âmbito";0,491;1;0,348
"significativo";0,015;0,923;1
"didático";0;1;1
"representar";1;0;1
"natureza";1;0,467;0,002
"integração";0;1;1
"inovação";0;1;1
"demonstrar";1;0,273;1
"cenário";1;0,015;1
"programa";0,858;1;0
"imagem";1;0;1
"característica";1;0;0,226
"aprendizado";0;1;1
"fornecer";0;1;1
"exploratório";1;1;0
"visar";1;0,049;1
"resumo";1;1;0
"relacionado";1;1;0,013
"pó";1;1;0
"oportunidade";0;1;1
"elemento";1;0,207;0,059
"gestão";1;1;0,378
"criação";1;0,049;0,735
"causar";0;1;1
"usuário";1;0;1
"tdics";0;1;1
"surgir";0;1;1
"publicação";1;1;0
"política";1;0,001;1
"museu";1;0,101;0,001
"interesse";0;1;1
"gerar";0,572;1;1
"discurso";1;0;0,629
"criança";0;1;1
"arte";1;0,007;0,135
"revista";1;1;0
"próprio";1;0;1
"educador";0;1;1
"contar";1;0,011;1
"acervo";1;1;0
"técnica";1;1;0
"oferecer";0,007;1;1
"curso";0;1;0,788
"paulo";1;1;0
"mulher";1;0;0,774
"escrita";1;1;0
"eficaz";0;1;1
"precisar";0,442;0,901;1
"movimento";1;0,001;1
"jurídico";1;0,025;0,135
"concepção";1;0,118;1
"compreensão";0,019;1;1
"avanço";0,003;0,759;1
"possibilitar";1;0,048;1
"pensar";1;0;1
"organização";1;0,064;0,135
"negativo";0;1;1
"facilitar";0,008;1;0,787
"eja";0,605;0,123;1
"autoria";0,029;1;0,145
"publicar";1;1;0
"patrimônio";1;0,093;0,001
"incluir";0,039;1;0,719
"escrever";1;0;1
"documental";1;1;0
"cidade";1;0;1
"ampliar";0;1;1
"pretender";1;0;1
"preservação";1;0,901;0
"desenvolvido";1;1;0,109
"conjunto";1;1;0,239
"básico";0;1;1
"literário";1;0,384;0,627
"consideração";0,418;0,646;1
"aprender";0;1;1
"português";1;1;0
"nativo";0;1;1
"econômico";0,179;0,058;1
"constante";0;1;1
"biblioteca";1;1;0
"aberto";0,786;1;0
"verificar";0,57;1;0,412
"síndroma";0;1;1
"relato";1;1;0,014
"inovador";0;1;1
"indivíduo";0,669;0,111;1
"hoje";1;0,001;1
"computacional";1;1;0
"caráter";1;1;0
"adaptação";0;1;1
"web";1;1;0
"seguir";1;1;0,097
"relacionar";1;0;1
"positivo";0;1;1
"pensamento";1;0;1
"participação";0,89;0,003;1
"linguístico";1;1;0
"linguagem";1;0,08;0,317
"integrar";0,017;1;0,136
"global";1;0,001;1
"exemplo";1;0,29;1
"especialmente";0,012;1;1
"efeito";0,005;1;1
"diálogo";1;0,84;1
"comum";1;0,418;0,069
"atender";0;1;1
"periódico";1;1;0
"música";0,003;1;1
"levantamento";1;1;0
"internacional";1;1;0
"inicial";0;1;1
"gênero";1;0,016;0,3
"foco";0,112;1;0,345
"coleta";1;1;0
"cinema";1;0,008;0,259
"visão";1;1;0,005
"sujeito";0;1;1
"educativo";0;1;1
"discente";0;1;1
"descritivo";1;1;0
"crítico";1;0,021;0,7
"agente";0,071;0,904;1
"tratamento";0,967;1;0,001
"questionário";0,085;1;0,092
"expor";1;0;1
"coletivo";1;0,809;0,03
"centro";0,716;1;0,108
"viver";1;0;1
"função";1;0;1
"educandos";0;1;1
"descrever";1;1;0
"compor";1;1;0
"capítulo";0,035;1;1
"aplicar";0,144;1;0,3
"região";1;0,001;0,916
"referência";1;1;0
"realização";1;1;0,031
"informacional";1;0,228;0,083
"devido";1;0,001;1
"celular";0;1;1
"superior";0,002;1;0,165
"line";0;1;1
"implementação";0;1;1
"fato";1;0;1
"estrutura";1;0;1
"estabelecer";1;0,001;1
"especificamente";1;1;0,028
"entanto";1;0,017;1
"benefício";0;1;1
"atuação";1;0,084;1
"software";0,327;1;0,01
"selecionar";1;1;0
"relevância";1;1;0,005
"on";0;1;1
"instrumento";1;0,419;1
"formato";0,024;1;1
"falar";1;0,014;1
"ensinar";0;1;1
"divulgação";1;0,383;0,014
"conclusão";0,017;1;1
"capaz";0,142;0,419;1
"tradicional";0,862;1;0,756
"melhorar";0;1;1
"indicar";0,001;1;1
"inclusivo";0;1;1
"final";1;0,061;1
"ferramentas_digitais";0;1;1
"envolvido";0,007;1;1
"ensaio";1;0,001;0,254
"breve";1;1;0
"autista";0;1;1
"adotar";0,862;1;0
"violência";1;0;1
"tomar";1;0,004;1
"rodrigues";0,427;1;0,244
"procurar";0,244;0,907;1
"narrativo";1;0;1
"infantil";0;1;1
"graduação";1;1;0
"garantir";0;1;1
"espectro";0;1;1
"entrevista";1;1;0
"elaborar";0,524;1;0,063
"constatar";1;0;1
"computação";1;1;0
"categoria";1;0;1
"bom";0;1;1
"amplo";1;1;0,676
"transformar";0;1;1
"responder";1;1;0,62
"proposto";0,944;1;0,046
"percepção";0,004;1;1
"olhar";0,244;0,907;1
"nível";1;1;0,046
"letramento";0;1;1
"isolamento";0;1;1
"inglês";0,24;1;0,208
"falta";0;1;1
"disponível";0,211;1;0,522
"dimensão";1;0,251;1
"barro";0,799;0,284;1
"aplicativo";0;1;1
"tic";0;1;1
"ponto";1;0,87;0,043
"perceber";0,585;0,197;1
"pai";0;1;1
"lugar";1;0;1
"francisco";1;0,114;1
"acontecer";0;1;1
"trindade";1;1;0,143
"situação";0,081;0,277;1
"revelar";1;1;0,257
"proporcionar";0,005;1;1
"princípio";1;0,123;0,462
"população";0,749;0,004;1
"existir";1;0,003;1
"estimular";1;0,505;1
"curricular";0,568;1;0,031
"constituição";1;0;1
"centrar";0,653;0,217;1
"avaliar";0,006;1;0,951
"auxiliar";0,749;0,701;1
"servir";0,009;1;1
"repositório";1;1;0
"produto";1;0,24;0,056
"ocorrer";1;0,008;0,62
"número";1;0,001;1
"nascimento";1;0,743;0,998
"melhoria";0;1;1
"fator";0,024;1;1
"cunho";1;1;0
"contínuo";0,005;1;1
"conectar";0,997;0,003;1
"conceitual";1;1;0
"colocar";0,342;0,306;1
"civil";1;0;1
"assunto";1;0,021;0,62
"ambiental";0,006;1;1
"sul";1;0,116;0,086
"souza";1;0,971;0,178
"presencial";0;1;1
"obter";1;0;1
"institucional";1;0,08;0,165
"identificação";1;1;0
"google";1;1;0
"enfatizar";0;1;1
"down";0,001;1;1
"conhecer";0,015;1;1
"compartilhar";1;0,035;0,821
"aqui";1;0,003;0,559
"adulto";1;0,638;1
"vivência";0,002;1;1
"tea";0;1;1
"rock";0;1;1
"lidar";0,001;1;1
"interdisciplinar";1;1;0
"distância";0;1;1
"concreto";0,646;1;1
"competência";0,105;1;0,645
"apresentado";1;1;0
"aliar";0;1;1
"adequado";0;1;1
"voltar";1;1;0,322
"transtorno";0;1;1
"superar";0;1;1
"serviço";1;0,265;1
"realizado";0,038;1;0,68
"laboratório";1;1;0,014
"início";0,105;1;1
"interpretação";1;0,135;1
"intelectual";1;0;1
"influência";1;0;1
"implicação";0,628;0,014;1
"família";1;0,127;0,506
"esfera";0,81;0,061;1
"dinâmico";0,532;0,201;1
"currículo";0;1;1
"contato";0,075;1;1
"constituir";1;0,338;1
"conseguir";1;1;0,025
"colaborativo";0,704;1;0,051
"chamado";1;1;0
"basear";1;1;0,001
"avaliação";0,81;1;0,559
"algo";0;1;1
"alcançar";0;1;1
"série";0,011;1;1
"personagem";1;0;1
"maria";1;0,204;1
"lei";1;0,009;1
"inserção";1;0,009;1
"iniciativa";1;1;0
"historiador";1;1;0,001
"exigir";0,034;1;1
"etapa";1;1;0
"digitalização";1;1;0
"demanda";0,163;1;1
"cidadão";0;1;1
"cidadania";0,568;0,016;1
"central";1;0;1
"atualidade";0,03;1;0,559
"alves";1;1;0,341
"adolescente";0,001;1;1
"acordo";0,163;1;0,559
"xxi";0;1;1
"usado";1;0,987;0,066
"torno";1;0,001;0,996
"temático";1;1;0
"solução";0,568;0,746;1
"registro";1;0,792;0,001
"referir";1;1;0,018
"página";1;1;0
"procedimento";1;1;0
"potencialidade";0,004;1;1
"planejamento";0;1;1
"passado";1;0,026;1
"noção";1;0;1
"liberdade";1;0;1
"impactar";0,006;0,615;1
"fase";1;0,123;0,712
"estudar";1;0,096;0,765
"emergir";0,029;1;1
"crescente";0,406;0,164;1
"continuar";0;1;1
"atenção";0,704;0,374;1
"alternativa";0,768;1;0,159
"vivenciar";0,017;0,772;1
"resposta";1;0,016;1
"promoção";0;1;1
"presença";1;0,511;0,092
"observação";0,997;1;0,261
"narrativa";1;0,005;0,7
"múltiplo";0,085;0,792;1
"mercado";1;0,016;1
"leitor";0,406;1;1
"intitular";1;1;0,003
"frente";0,058;1;1
"examinar";1;1;0,261
"especial";1;0,149;1
"emergente";1;1;0,012
"embora";1;0,026;1
"edição";1;1;0
"audiovisual";1;1;0
"unidade";1;1;0,056
"suporte";0,568;1;1
"segurança";0,28;0,677;1
"referente";0,058;1;0,899
"pessoal";1;0,005;1
"percurso";1;1;0,002
"oral";1;1;0
"of";1;1;0
"notícia";1;0,009;0,601
"motivação";0;1;1
"modalidade";0,002;1;1
"linha";1;0,003;0,8
"identidade";1;0;1
"gestor";0;1;1
"geração";1;0,626;1
"execução";0;1;1
"evento";1;0,047;0,407
"estadual";0,677;1;0
"design";0,157;0,746;1
"crise";0,788;0,016;1
"colaboração";0,321;1;0,203
"abrir";1;0,003;1
"rio";1;0,078;0,601
"responsável";1;0;1
"responsabilidade";0,213;0,326;1
"religioso";1;0;1
"pertinente";1;0,224;1
"padrão";1;0;1
"obtido";1;1;0
"mundial";1;0,005;1
"medida";1;0,047;1
"mediação";0,7;0,86;1
"matéria";0,004;1;1
"luz";1;0,001;1
"legislação";1;0,164;1
"geografia";0,004;1;1
"expressão";1;0;1
"exposição";1;0,116;0,086
"estágio";0;1;1
"especificidade";0,997;1;0,261
"empírico";1;1;0,086
"elaboração";0,997;1;0,046
"dispositivo";1;0,047;1
"dinâmica";0,097;1;1
"desigualdade";0,001;1;1
"desempenho";0;1;1
"dano";1;0,636;0,189
"cuidado";0;1;1
"criativo";0,097;1;1
"conduzir";0,901;1;0,565
"atuar";0,013;1;1
"assumir";0,001;1;1
"apresentação";0,997;1;0,119
"antes";1;0,001;1
"alfabetização";0,157;0,248;1
"época";1;0;1
"visual";1;0,005;1
"tendência";1;0,248;1
"sobretudo";1;0,002;1
"seguinte";0,881;0,459;1
"pequeno";1;0,001;1
"municipal";0,224;1;0,997
"mapa";1;1;0
"local";1;0;1
"imigrante";0,001;1;1
"financeiro";0,836;0,636;1
"filosofia";1;0;1
"fenômeno";1;0,005;1
"favorecer";0,066;0,459;1
"fake_news";1;0;1
"eficiente";0,001;1;1
"disseminação";1;0,047;1
"consequência";0,321;0,459;1
"compartilhamento";1;0;1
"apoio";1;0,248;1
"adoção";0,019;1;1
"técnico";1;0,511;1
"ressaltar";0;1;1
"referencial";1;1;0
"quantidade";1;0;1
"preparação";0;1;1
"plano";0,004;1;1
"pesquisar";0,111;1;0,329
"mediar";0,043;0,626;1
"marketing";1;0,009;0,884
"lustosa";0;1;1
"junto";0,001;1;1
"instituto";1;1;0,043
"infra-estrutura";0;1;1
"individual";0;1;1
"homem";1;0;1
"gama";0,001;1;1
"ficar";0,127;0,403;1
"existente";1;0,626;0,06
"então";1;0,182;0,601
"dossiê";1;1;0
"domínio";1;1;0,001
"despertar";0;1;1
"descobrir";0,068;0,959;1
"controlo";1;0,017;1
"consistir";1;1;0
"caracterizar";1;0,275;0,111
"animal";1;0,017;1
"ana";1;0,442;1
"abranger";1;0,95;0,329
"unesco";1;0,505;0,794
"tópico";0,86;1;1
"tdic";0;1;1
"tarefa";0,008;1;1
"rocha";1;0,743;0,401
"risco";1;0,908;0,331
"recente";1;0,005;1
"real";1;0,307;0,997
"propiciar";0;1;1
"popular";1;0;1
"pedagogia";0,368;1;1
"paciente";0;1;1
"moderno";0,075;1;1
"localizar";1;0,03;0,415
"letra";0;1;1
"jogador";1;0;1
"interessante";1;0,743;0,401
"fluxo";1;1;0,018
"familiar";0,027;0,823;1
"et";0,009;1;1
"enriquecer";0,001;1;1
"engajamento";0;1;1
"empresa";1;0;1
"educar";0;1;1
"documentação";1;1;0
"definir";1;0,403;0,078
"data";1;1;0
"comprovar";0,027;1;1
"comportamento";0,181;0,511;1
"complexo";1;0,005;1
"colaborar";0,984;1;0,839
"capacitar";0;1;1
"borges";0,126;1;0,324
"baseado";1;1;0,111
"ampliação";1;0,201;1
"voz";1;0,002;1
"unido";1;0;1
"retratar";0,532;1;1
"regime";1;0;1
"problemático";0,224;1;1
"participante";0,208;1;0,145
"motivo";0,009;1;1
"lógica";1;0;1
"interativo";0,001;1;1
"intenção";0,002;1;1
"indígena";1;0,1;0,329
"evidência";0,146;1;0,102
"emergência";0,532;0,403;1
"discursivo";1;0,009;0,521
"direcionar";0,001;1;1
"crime";1;0,86;0,651
"coronavírus";0,029;1;1
"consumo";1;0;1
"conhecido";1;0;1
"complexidade";1;0,201;1
"capacidade";0,734;0,569;1
"bibliografia";1;0;1
"aplicado";1;1;0
"al";0,009;1;1
"adaptar";0;1;1
"acreditar";0;1;1
"acercar";1;1;0,007
"urgente";0,768;0,204;1
"universo";1;0,066;1
"universitário";1;1;0
"só";0,002;1;1
"sonho";0,035;0,713;1
"sempre";0,208;1;0,625
"rápido";1;0,14;1
"resultar";0,969;0,032;1
"regular";0,003;1;1
"referido";1;0,908;0,625
"recuperação";1;1;0,001
"paradigma";1;0,017;1
"pandêmico";0;1;1
"organizar";1;1;0,004
"opinião";1;0,001;1
"natural";1;1;0,421
"município";0,49;0,342;1
"mecanismo";1;0,005;1
"escopo";1;1;0
"eficácia";0,008;1;1
"doutorado";1;1;0
"doença";0,017;0,772;1
"disponibilizar";1;1;0,001
"destinar";0,008;1;1
"destaque";1;0;1
"corpo";1;0,017;1
"associar";1;0,004;1
"associado";0,008;1;1
"artístico";1;0,223;0,033
"argumento";1;1;0,009
"anterior";1;0,003;1
"acompanhar";1;0,569;0,625
"acessível";0,054;1;1
"turma";0;1;1
"sugerir";0,61;1;0,255
"seguida";1;1;0,099
"scielo";1;1;0
"prevenção";0,054;1;1
"predeterminado";1;0,346;0,099
"origem";1;0,032;0,521
"motivar";0,002;1;1
"latino";1;0,002;1
"justiça";1;0,008;1
"jornal";1;0,002;0,884
"introdução";1;0,009;1
"interagir";0,004;1;1
"ii";0,097;1;1
"idoso";1;1;0,536
"fotografia";1;0,713;0,006
"filme";1;0;1
"exploração";1;0,636;0,02
"exercício";0,61;0,032;1
"escolha";1;1;0,02
"crescimento";1;0,009;1
"continuidade";0,146;1;1
"conter";1;1;0,102
"configurar";1;0,032;1
"conexão";1;1;0,004
"computador";0,969;0,772;1
"branco";1;0;1
"analítico";1;1;0,009
"alto";1;0,033;1
"aliado";0;1;1
"ético";1;0,004;1
"volume";1;1;0
"via";1;0,1;1
"valorização";0,032;1;1
"urbano";1;1;0
"tics";0,168;0,505;1
"the";1;1;0,006
"território";1;0,505;0,329
"terra";0,567;0,384;1
"tentativa";1;0,057;1
"significado";1;0,555;0,565
"resistência";0,378;0,1;1
"reflexivo";0;1;1
"questionar";1;0,001;1
"questionamento";0,009;1;1
"quantitativo";1;1;0
"problematizar";1;0,342;0,189
"parceria";0,163;1;0,565
"mobilizar";1;0,004;1
"legal";1;0,06;0,936
"intervenção";0,032;1;0,421
"gráfico";1;0,713;0,006
"geográfico";1;0,248;0,651
"formar";1;1;0,768
"finalidade";0,032;1;1
"estrangeiro";0,004;1;1
"epistemologia";1;0,505;0,043
"ead";0;1;1
"diversidade";1;0,636;0,768
"diferença";1;0;1
"democrático";1;0;1
"defender";1;0,1;0,651
"critério";1;1;0,011
"contemplar";1;1;0,004
"consequentemente";0,032;0,636;1
"atualmente";1;0,017;1
"américa";1;0,033;0,426
"americano";1;0,004;1
"afirmar";0,002;1;1
"ética";1;0,033;1
"xx";1;0;1
"vídeo";0,061;1;1
"reunir";1;1;0
"recorte";1;0,033;0,651
"proteção";0,951;0,06;1
"pilar";0,004;1;1
"participativo";0,111;1;1
"mente";0;1;1
"manifestação";1;0;1
"influenciar";0,168;0,505;1
"híbrido";0;1;1
"freire";0,806;1;0,057
"fomentar";0,378;0,248;1
"expansão";0,061;1;1
"epistemológico";1;0,505;0,134
"diário";0,061;1;0,329
"difusão";1;1;0,011
"decorrente";1;0;1
"cumprir";1;0,007;1
"consciente";1;0;1
"conflito";1;0;1
"componente";1;1;0,132
"aumentar";0,378;1;0,329
"artista";1;0,017;0,936
"tão";0,359;0,442;1
"trabalhador";1;0,008;1
"tese";1;1;0
"tanger";0,806;0,959;1
"sustentável";0,324;0,431;1
"setor";0,567;1;1
"seleção";1;1;0
"relativo";1;0,713;0,026
"relatar";0,567;1;0,006
"registrar";1;0,108;0,426
"reconhecer";1;0,384;0,936
"produtivo";1;1;0,006
"preparar";0;1;1
"orientação";1;1;0,033
"operar";0,111;0,713;1
"multimídia";0;1;1
"moral";1;0;1
"marco";1;0,017;1
"ler";1;0,384;0,536
"josé";1;0,743;0,401
"jornada";1;0,638;1
"janeiro";1;0,008;1
"inúmero";0;1;1
"implementar";0;1;1
"gamificação";0;1;1
"funcionar";0,002;1;1
"força";1;0;1
"forte";1;0,638;0,29
"fortalecer";0,035;0,713;1
"exclusão";1;0,064;1
"espécie";1;0,003;1
"emprego";1;0,245;1
"decisão";1;0,033;1
"crucial";0,111;1;1
"criatividade";0,043;1;1
"consumidor";1;0;1
"claro";0,035;1;1
"caber";0,002;1;1
"biblioteconomia";1;1;0
"baixo";0,44;0,276;1
"auxílio";0,009;1;0,536
"ator";0,951;0,169;1
"apreender";0,001;1;1
"andreia";0;1;1
"ancoragem";0;1;1
"alternativo";1;0,906;0,427
"agora";1;0,017;1
"vincular";1;0,802;0,033
"vilão";0;1;1
"valer";1;1;0,001
"surgimento";1;0,063;0,68
"sociocultural";1;0,001;1
"sistemático";1;1;0
"prova";1;1;0,244
"profundo";1;0,008;1
"objetivação";0;1;1
"negro";1;0,003;1
"moço";0;1;1
"monitoramento";0,806;1;0,014
"licenciatura";0;1;1
"lado";1;0,008;1
"incorporar";0,019;1;1
"imposto";0,016;1;1
"implicar";1;0,108;1
"ganhar";1;0,033;0,809
"fundamentar";1;1;0,426
"focar";0,806;1;0,057
"figura";1;0,003;1
"estrutural";1;0,033;1
"esperar";0,194;0,959;1
"escrito";1;1;0
"divulgar";1;1;0
"distanciamento";0;1;1
"desinformação";1;0;1
"desempenhar";0,126;0,431;1
"descrição";1;1;0
"definição";1;0,959;0,003
"convidar";1;1;0,004
"contemporaneidade";1;0,108;1
"carvalho";1;1;0,038
"capacitação";0;1;1
"atualização";0,324;0,802;1
"antigo";1;0,568;0,014
"adotado";0,019;1;1
"xix";1;0;1
"visualização";1;1;0
"viabilizar";0;1;1
"título";1;0,431;0,119
"troca";0,324;0,431;1
"tratado";0,009;1;1
"sujeitar";1;0;1
"santana";0,645;1;0,998
"reforçar";0,645;1;0,401
"reflexo";1;0,186;0,68
"reconhecimento";1;0,802;0,119
"racial";1;0,017;1
"provocar";0,929;0,116;1
"propósito";0,659;0,802;1
"preciso";1;0,802;0,324
"potencializar";0,038;0,802;1
"ponte";1;0,007;1
"planeta";1;0,003;1
"pautar";1;1;0,119
"particular";1;0,033;0,997
"panorama";1;1;0,001
"norteador";0,009;1;1
"mão";0,038;1;1
"mapear";1;1;0,001
"mapeamento";1;1;0
"logo";0,009;1;1
"investimento";0,002;1;1
"interface";1;1;0,018
"identificado";1;0,308;0,997
"hipótese";0,768;1;0,427
"herança";1;0,003;1
"guerra";1;0,123;0,712
"extensão";1;1;0,033
"explicar";1;0,802;0,033
"executar";1;0,058;1
"equitativo";0,004;1;1
"entendimento";1;1;0,324
"efetivo";0,324;1;0,68
"discordar";1;1;0,324
"digitalizar";1;1;0,007
"determinar";0,126;1;0,68
"determinado";1;0,003;1
"coleção";1;1;0,001
"chegar";1;0,643;0,551
"campus";0,359;1;0,178
"bahia";1;1;0,324
"avançado";0,305;1;0,918
"aumento";1;0,431;1
"articulação";1;0,058;1
"apropriação";1;0,001;1
"and";1;1;0
"acessibilidade";0,009;1;1
"transmitir";1;0,13;1
"sustentar";1;0,116;0,997
"sofrer";1;0;1
"socialização";0,004;1;1
"significativamente";0,009;1;1
"repercussão";1;0,643;0,551
"racismo";1;0;1
"postagem";1;0,066;0,565
"posição";1;0,002;1
"planejar";0,098;1;1
"participar";1;0,308;1
"orientar";1;1;0,043
"objetivar";1;0,308;0,551
"norte";1;0;1
"máquina";1;0,032;0,712
"musical";1;0,033;1
"moran";0,033;1;1
"moda";1;0,123;0,313
"mental";0,075;1;1
"manter";1;0,003;1
"lúdico";0,009;1;1
"investigativo";1;1;0,008
"intuito";1;0,643;0,551
"inspirar";0,019;1;1
"inclusive";1;1;0,003
"imprescindível";0,001;1;1
"graça";0,075;0,643;1
"filósofo";1;0;1
"filológico";1;1;0
"filologia";1;1;0
"extremo";1;0,018;1
"existência";0,768;0,065;1
"europeu";1;0,033;0,551
"estúdio";1;0,065;0,427
"equipamento";0;1;1
"enfrentamento";0,224;0,643;1
"encontro";1;0,308;0,234
"embasar";1;1;0,011
"elucidar";1;1;0,008
"docência";0,224;1;0,075
"difícil";1;0,018;1
"desafiar";0,001;1;1
"dedicar";1;0,643;0,018
"costa";0,232;1;1
"compensar";1;0,505;0,794
"cognitivo";0,514;0,308;1
"ciberespaço";0,929;0,643;1
"cercar";1;0,13;0,794
"casa";1;0,346;0,313
"capes";1;1;0
"banco";1;1;0,01
"associação";1;1;0,001
"armazenamento";1;0,129;0,918
"apoiar";1;0,308;0,551
"aparelho";1;0,006;1
"analisado";1;0,033;0,997
"africano";1;0;1
"afeto";1;0,001;1
"único";1;0,014;1
"voltado";0;1;1
"vivo";1;0,284;1
"visualizar";0,041;1;0,858
"verdadeiramente";1;1;0,011
"valorizar";1;0,015;1
"valioso";0;1;1
"traçar";1;0,003;1
"trabalhista";1;0,015;1
"total";1;0,555;0,056
"tecnologias_da_informação_e_comunicação";0,006;1;1
"simultaneamente";1;0,014;1
"significar";0,448;1;1
"sequência";1;1;0,313
"reforma";1;0,064;1
"re";0,901;0,224;1
"razão";1;0,003;1
"quadro";1;0,638;0,749
"privado";1;0,204;1
"poético";1;0;1
"notável";0;1;1
"ministério";1;1;0,119
"metodologicamente";1;1;0
"matemático";0;1;1
"marcar";1;0;1
"manutenção";1;0,204;0,858
"manuscrito";1;1;0
"limite";1;0;1
"lembrar";1;0,284;1
"instagram";1;0,003;1
"impresso";1;0,065;0,427
"hd";1;1;0
"facebook";1;0,065;0,427
"excluir";0;1;1
"estética";1;0,003;1
"estabelecimento";1;0,014;1
"especialista";1;0,204;0,858
"envolvente";0;1;1
"entretenimento";1;0;1
"emergencial";0;1;1
"economia";1;0,003;1
"dialogar";1;0,488;0,858
"diagnóstico";0,38;1;1
"desafiador";0;1;1
"depois";1;0,065;0,858
"democracia";1;0;1
"custo";1;1;0,565
"curar";1;0,224;0,213
"controlar";1;0,065;1
"contextualizar";0,768;1;0,159
"conectividade";1;0,001;1
"conduta";0,043;1;1
"comumente";0,041;1;0,858
"combinação";1;1;0,022
"combinar";0,605;1;0,313
"classe";1;0,731;1
"canal";1;0,488;0,043
"bncc";1;1;0
"autoridade";1;0,065;1
"autonomia";0,38;0,906;1
"atualizar";0,261;0,731;1
"atingir";0,768;0,906;1
"articular";1;0,003;1
"apontado";0,001;1;1
"amostra";1;1;0
"ajudar";1;1;0,159
"agir";0,38;0,204;1
"adequação";0,009;1;1
"vírus";0;1;1
"vantagem";0,718;0,129;1
"tributário";1;0,133;1
"transição";0,305;1;0,918
"teatro";1;1;0
"sustentabilidade";1;0,002;1
"substituir";0;1;1
"sociologia";1;0,731;0,022
"sertão";1;0,001;1
"semelhante";1;0,346;0,712
"science";1;1;0
"rural";1;0;1
"ribeiro";1;1;0,143
"revolução";1;0,032;1
"recuperar";1;1;0
"ramo";0,517;1;1
"raciocínio";0;1;1
"qualificação";0;1;1
"proveniente";1;1;0
"propriedade";1;0;1
"progresso";0,448;0,224;1
"processamento";1;1;0,001
"portal";1;1;0
"pereira";1;1;0,002
"pauta";1;1;0,341
"ordem";1;0,389;0,918
"nortear";1;0,346;0,712
"mãe";0,003;1;1
"mudar";1;0,123;1
"modernidade";1;0;1
"mina";1;0,731;0,313
"militar";1;0;1
"menos";1;0,006;1
"menor";1;0,002;1
"lógico";0;1;1
"interferir";1;0,014;1
"integral";0,019;1;1
"instrucional";0;1;1
"inspiração";0,019;1;1
"insights";0;1;1
"informática";0,083;1;1
"influenciador";1;0,005;1
"incorporação";0,448;1;1
"impulsionar";0,605;0,346;1
"igreja";1;1;0
"horizonte";1;1;0,003
"historiográfico";1;0,731;0,022
"historiografia";1;0,346;1
"hds";1;0,389;1
"governo";1;0,002;1
"ghemat";1;1;0
"gerenciamento";1;1;0,01
"fronteira";1;0,555;0,565
"fortaleza";1;0,743;0,401
"filho";1;0,066;1
"feminino";1;0,002;1
"fechado";0,003;1;1
"farmacêutico";0,016;1;1
"europeana";1;1;0
"estético";1;0;1
"estimulante";0;1;1
"esforço";1;0,346;1
"escala";1;0,224;0,565
"erar";0;1;1
"equipa";0,261;1;0,313
"equidade";0;1;1
"doméstico";1;0,032;1
"distribuição";1;0,006;1
"dissertação";1;1;0
"diretor";1;1;0,01
"direto";1;0,224;1
"diretamente";1;0,346;1
"diferenciado";0;1;1
"denominar";1;0,731;0,313
"demais";1;0,123;1
"dedutivo";1;1;0,003
"debater";1;0,001;1
"cooperação";1;1;0,01
"configuração";1;0,006;1
"comunitário";1;0,346;0,099
"compromisso";1;0,731;0,099
"comprometido";0;1;1
"completo";1;1;0,022
"complementar";0,083;1;1
"coletado";1;1;0,003
"coisa";0;1;1
"clássico";1;0,006;1
"capitalista";1;0;1
"atrativo";0;1;1
"amp";1;1;0
"advento";1;0,006;1
"acarretar";0;1;1
"x0d";0,359;1;0,574
"turismo";1;0,014;1
"transdisciplinar";1;1;0,001
"temporal";1;0,002;1
"tecnologias_educacionais";0,001;1;1
"supervisionar";0;1;1
"sucesso";1;0,224;1
"sites";1;1;0,01
"simbólico";1;0;1
"seção";1;1;0
"resolução";0,163;0,555;1
"requerer";0,163;1;1
"reduzir";0,901;0,555;1
"recorrente";1;0,014;1
"querer";1;0,005;1
"quase";1;0,224;0,213
"psicológico";1;0,838;0,421
"próximo";1;0,224;0,213
"propagação";1;0;1
"policial";1;0,442;0,574
"pinheiro";1;1;0,143
"pergunta";1;1;0,056
"pedra";1;0,011;1
"passo";1;0,005;1
"partida";1;1;0,056
"oficial";1;1;0,001
"normativo";1;0,014;1
"morte";1;0;1
"mau";1;0,285;1
"machado";1;1;0,143
"luta";1;0;1
"livre";1;1;0,01
"levantar";1;0,002;1
"lançar";1;0,014;1
"intenso";1;0,014;1
"inovar";0;1;1
"incerto";0;1;1
"imediato";1;0;1
"idade";0,448;1;1
"gomes";1;1;0,143
"fruto";1;1;0,213
"estímulo";0,017;1;1
"estratégico";0,448;0,224;1
"estilo";1;0,066;1
"espírito";1;0,001;1
"especializar";1;0,555;0,213
"escolher";1;0,224;0,565
"entendido";1;0,002;1
"engajado";0;1;1
"empregar";1;1;0,213
"dividir";1;1;0,213
"devidamente";0,799;0,885;1
"departamento";1;1;0
"deixar";1;0,002;1
"convergência";1;1;0,213
"contextualização";1;1;0
"consolidação";0,001;1;1
"conceituação";0,008;1;1
"comparar";1;0,064;0,749
"circunstância";0;1;1
"circulação";1;0,224;0,565
"cibernético";1;1;0,132
"ci";1;1;0,027
"chamar";1;0,224;1
"capitalismo";1;0;1
"autônomo";0,901;1;1
"autoral";1;0,005;1
"atendimento";0,001;1;1
"argumentar";1;0,002;1
"aproveitar";0,017;1;1
"aprofundar";1;0,014;1
"aprimoramento";0,448;1;1
"anteriormente";0,008;1;1
"anotar";1;1;0,143
"alcance";0,901;0,555;1
"adaptado";0,243;1;1
"abrangente";0,448;1;1
"útil";1;0,389;0,421
"água";1;1;0,401
"vítima";1;0,001;1
"videogame";0,718;1;0,421
"velocidade";1;0,129;0,421
"treinamento";0,185;1;0,749
"solo";1;0,971;0,574
"socioeconômico";0,718;0,129;1
"sociabilidade";1;0;1
"situar";0,305;1;0,918
"site";1;1;0
"semiótica";1;0,838;0,027
"rua";1;0,064;0,749
"romance";1;0;1
"revisar";1;0,389;0,918
"regional";1;0,005;1
"psicologia";1;1;0,29
"primário";1;1;0,749
"previamente";0,003;1;1
"prever";1;0,129;0,918
"preservar";1;0,005;1
"preocupação";1;0,838;0,918
"prazo";0,305;0,838;1
"prazer";0,003;1;1
"particularidade";0,718;1;0,132
"par";0,718;1;0,421
"org";1;1;0,143
"ordenamento";1;0;1
"operação";1;0,005;1
"nação";1;0;1
"máximo";0;1;1
"moldar";0;1;1
"mineração";1;1;0
"lacuna";1;0,005;1
"interpretativo";1;0,389;0,132
"inteligência_artificial";1;0,03;1
"informar";1;0,03;1
"indexar";1;1;0
"fundamento";1;0,838;0,421
"fundamentado";0,003;1;1
"funcional";0,534;0,245;1
"fotográfico";1;1;0
"formulação";1;0,003;1
"faculdade";1;1;0,004
"face";1;0,129;1
"experimentar";0,305;0,838;1
"evoluir";0,305;1;1
"evitar";0,305;0,389;1
"etc";1;1;0,027
"estruturado";1;1;0,132
"especializado";1;1;0,29
"espanha";1;1;0
"escritor";1;0,638;0,072
"erro";1;0,389;0,132
"edm";1;1;0
"editor";1;1;0
"edificação";1;1;0,011
"doutor";1;1;0,004
"distinto";1;0;1
"dificultar";0;1;1
"desmotivação";0;1;1
"desmistificar";0;1;1
"deficiência";1;0;1
"curadoria";1;1;0,132
"coordenador";0;1;1
"constantemente";0,003;1;1
"cobertura";1;1;0
"climático";1;0,245;0,749
"classificação";1;1;0,004
"cientista";1;0,03;0,918
"cibercultura";1;0,129;1
"beneficiar";0,718;0,389;1
"barreira";0,091;1;1
"ausência";0,718;0,129;1
"atribuir";1;0,005;1
"ato";1;0,011;1
"atentar";0,718;1;0,132
"assistir";1;0,389;0,918
"articulado";1;1;0,004
"arqueologia";1;0,971;0,178
"argentino";1;0,389;0,132
"aproximar";1;0;1
"analógico";1;0,838;0,132
"amplamente";0,862;0,971;1
"amigo";0;1;1
"amazona";0,003;1;1
"agência";1;0,129;0,918
"afetar";1;0;1
"advir";1;0,03;1
"adverso";0,006;1;1
"administração";0,718;1;0,421
"ênfase";0,534;1;1
"vigente";1;0,064;1
"vertente";1;1;0
"vasto";1;1;0,011
"variável";1;0,638;0,749
"unicamp";1;1;0
"símbolo";1;0,011;1
"status";0;1;1
"seguro";0,043;1;1
"respectivamente";1;1;0,29
"reprodução";1;0,011;1
"reino";1;0;1
"referenciar";1;0,245;0,29
"recepção";1;0,011;1
"receber";1;0,064;1
"raça";1;0,025;1
"quo";0;1;1
"pubmed";1;1;0
"práxis";0,185;1;0,749
"promissor";0;1;1
"produtor";1;0,003;1
"problematização";1;1;0,001
"praticar";1;0,064;1
"popularização";1;0,245;1
"personalidade";1;0,245;0,749
"permear";1;0,011;1
"performance";1;0,001;1
"peculiar";0,001;1;1
"parâmetro";1;0,064;0,749
"parecer";1;0,011;1
"palestra";1;0,638;1
"ocupar";1;0,001;1
"núcleo";1;1;0,038
"nota";1;1;0,29
"norma";1;0;1
"necessariamente";0,043;1;1
"móvel";0,185;0,638;1
"médico";0,006;1;1
"midiática";1;0,064;1
"março";1;0,245;1
"majoritariamente";0;1;1
"lima";1;0,743;0,093
"jornalístico";1;0,442;0,178
"introduzir";1;1;0,072
"instrução";0,043;1;1
"instrumental";0;1;1
"imagético";1;1;0,012
"igualmente";1;0,245;0,749
"ideologia";1;0,001;1
"ideal";1;0,001;1
"hora";1;1;0,033
"harmônico";0,001;1;1
"governamental";1;0,133;1
"garantia";0,185;0,638;1
"fácil";1;0,245;1
"funcionamento";1;0,245;0,749
"formal";0,862;0,442;1
"ficção";1;0,003;1
"farmácia";0,04;1;1
"fala";1;0,001;1
"externo";1;1;0,093
"expressar";1;0,011;1
"experimentação";1;0,245;0,749
"estatal";1;0,971;0,178
"espanhol";1;0,133;0,574
"entusiasmo";0;1;1
"entrevistado";0,185;1;1
"encontrado";1;0,011;1
"empresarial";1;0,133;1
"emoção";1;0;1
"emancipação";1;0,011;1
"editorial";1;1;0
"distribuir";1;1;0,004
"disputa";1;0,001;1
"disponibilização";1;1;0
"dh";1;0,505;0,244
"deus";1;0,001;1
"destacado";0;1;1
"depender";1;0,064;1
"deparar";0,001;1;1
"democratização";0,185;1;1
"delimitar";1;0,011;1
"decorrer";1;0,638;0,29
"david";1;0,266;0,401
"código";1;0,025;1
"curto";1;0,064;1
"contido";1;1;0,011
"confiável";1;0,743;0,093
"conceber";1;0,011;1
"comunicar";1;0,245;1
"compilação";0,001;1;1
"comparativo";1;1;0,29
"colonial";1;0,133;0,574
"clínica";1;1;0
"cinematográfico";1;0,245;0,29
"ciclo";1;0,133;0,574
"cena";1;0,011;1
"categorização";1;1;0,001
"carga";1;0,743;0,093
"atração";0;1;1
"aproximação";1;0,245;0,29
"andamento";1;0,638;0,072
"alimentar";1;0,003;1
"administrativo";0,185;0,638;1
"acabar";1;0;1
"ódio";1;0,003;1
"vulnerabilidade";1;0;1
"vocabulário";1;1;0,033
"visibilidade";1;0;1
"videográfica";1;0,505;0,244
"verso";1;0,442;0,178
"verificação";1;1;0,012
"variação";1;0,971;0,574
"união";1;0,003;1
"torre";1;0,442;0,178
"terminologia";1;1;0
"sólido";1;0,442;1
"sítio";1;1;0,004
"subsidiar";0,862;1;0,574
"subjetivo";1;0,025;1
"subjetividade";1;0,266;1
"sonoro";1;0,743;0,093
"simples";1;0,13;0,794
"sexual";0,862;0,442;1
"semiestruturadas";0,862;1;0,033
"secundário";1;1;0,004
"sanitário";0,097;1;1
"rotina";0,359;0,442;1
"república";1;0;1
"reproduzido";0;1;1
"renda";0,209;0,743;1
"religião";1;0;1
"relatório";1;1;0,033
"relacionamento";1;0,007;1
"recorrer";1;0,743;0,093
"recentemente";1;0,133;1
"reafirmar";1;0,971;0,178
"quadrado";1;1;0,178
"pôr";1;0,003;1
"proveitoso";0;1;1
"prosperidade";0;1;1
"pronto";0;1;1
"profissão";1;0;1
"preliminar";1;1;0,178
"prejuízo";0,862;0,971;1
"portar";1;0,266;0,401
"permanente";1;1;0,004
"perder";1;1;0,033
"pena";1;0,505;0,794
"passagem";1;0,025;1
"palma";0;1;1
"original";1;0,133;0,574
"onda";1;0,003;1
"olinda";1;1;0,003
"ocupação";0,359;0,971;1
"ocorrido";1;0,442;1
"ocasionar";0,016;1;1
"ocasionado";0,002;1;1
"nexo";0;1;1
"multimodais";0,645;0,743;1
"multidisciplinar";1;1;0
"moscovici";1;1;0
"modificar";1;0,133;0,574
"missão";1;0,743;0,998
"mestrado";1;1;0
"materialidade";1;1;0,004
"manifestar";1;0;1
"limitação";1;0,133;1
"ligar";1;0,266;0,401
"legião";1;1;0
"judicial";1;0,003;1
"inédito";1;1;0
"interseção";1;1;0,033
"interno";1;0,442;0,574
"inicialmente";1;0,442;0,574
"infográficos";1;0,058;0,998
"imprensa";1;0,133;1
"hegemônico";0,359;0,442;1
"guiar";1;1;0,004
"globalização";0,427;1;1
"genero";1;0,025;1
"francês";1;0;1
"foto";1;0,007;1
"fisioterapia";1;0,442;0,574
"finalizar";1;0,025;1
"falecido";1;0,058;1
"facilidade";0,359;0,442;1
"externa";0,359;0,971;1
"expressivo";1;0,442;1
"expectativa";0,097;0,971;1
"exercer";1;0,003;1
"envolvimento";0,862;1;0,178
"entregador";1;1;0,003
"educamos";0;1;1
"ditadura";1;0;1
"dirigir";1;0,133;1
"digital_humanities";1;1;0,001
"dialógico";0,799;0,885;1
"diabetes";0;1;1
"desvalorização";0;1;1
"descritor";1;1;0,012
"descoberta";1;1;0,093
"defesa";1;0,003;1
"decorrência";0,862;0,442;1
"culminar";1;0,025;1
"criador";1;0,001;1
"crescer";1;0,046;1
"correlacionar";1;0,003;1
"consulta";1;1;0,001
"condizente";0;1;1
"concentrar";1;0,003;1
"comunicativo";0,097;1;1
"compreensivo";0;1;1
"composição";1;0,133;0,574
"comportamental";1;0,025;1
"competição";1;0,13;1
"comercial";0,862;0,133;1
"comentário";1;0,743;0,093
"combate";1;0;1
"clínico";1;1;0,004
"circular";1;1;0,178
"cidoc";1;1;0
"caro";0;1;1
"carlos";1;0,007;1
"caracterizado";1;1;0,004
"capital";1;0,025;1
"capacitamos";0;1;1
"brilhante";0;1;1
"branquitude";1;0;1
"big";1;1;0,033
"atrair";1;1;0,033
"arcabouço";1;1;0
"aprimorar";0,002;1;1
"aplicabilidade";1;0,003;1
"antônio";1;1;0,244
"ameaça";1;0,025;1
"alvo";1;0,442;0,574
"alteração";1;0,133;1
"alimentação";0,862;0,133;1
"algoritmo";1;0,058;1
"agropecuário";0,002;1;1
"afirmação";0,359;0,442;1
"adquirir";1;0,971;0,574
"acumulação";1;0,001;1
"aceitação";0,862;0,971;1
"índice";1;0,743;0,998
"étnico";1;0,058;0,998
"áfrica";1;0,018;1
"vontade";1;0,003;1
"volta";1;0,266;1
"vigilância";1;0,018;1
"viagem";1;0,13;0,794
"twitter";1;0,13;0,794
"turístico";1;0,046;1
"trans";1;0,007;1
"teste";1;1;0,093
"telemedicina";0;1;1
"tecido";1;0,743;0,401
"tecer";1;0,007;1
"suposição";1;0,885;0,119
"superman";1;0,003;1
"sucessório";1;0,13;1
"sucessão";1;0,007;1
"sistematizar";1;1;0,093
"sinalizar";1;0,007;1
"sexo";1;0,001;1
"sexismo";1;0,13;0,794
"sessão";1;1;0,001
"sensível";1;0,058;1
"semântica";1;1;0
"seminário";1;1;0,038
"saudável";0,004;1;1
"ruptura";1;0,007;1
"rico";1;0,007;1
"retomar";1;0,266;1
"respectivo";1;0,007;1
"requisito";0,645;1;0,998
"representatividade";1;0,058;1
"repertório";1;0,266;0,998
"reconhecido";0,645;0,266;1
"proposição";1;0,266;0,401
"privacidade";0,645;0,266;1
"priorizar";1;1;0,012
"predominância";1;0,058;0,998
"preconceito";1;0,001;1
"praticamente";1;1;0,012
"porque";0,645;0,743;1
"poderoso";1;0,001;1
"pluralidade";1;0,13;1
"pierre";1;0,007;1
"pertencer";1;0,743;0,401
"perpassar";1;0,266;1
"permanecer";1;0,266;0,998
"paulista";1;1;0,012
"originário";1;0,018;1
"organizado";1;1;0,012
"oliveira";1;1;0,012
"oeste";1;0,266;0,998
"objetivamente";1;0,266;1
"nunca";1;0,058;1
"neoliberal";1;0,058;0,998
"mínimo";1;0,058;0,998
"moldagem";1;0,885;0,57
"mensagem";1;0,001;1
"medicina";1;1;0,003
"manipulação";1;0,007;1
"listar";1;1;0,012
"limitado";0,209;1;1
"lançamento";1;1;0,012
"kahlo";1;0,007;1
"isentar";0,04;1;1
"intrínseco";1;0,743;0,998
"interdisciplinaridade";1;1;0,038
"intercultural";1;1;0,038
"integrativo";1;1;0
"informativo";1;1;0,093
"informal";0,209;0,743;1
"impressão";1;0,018;1
"implantação";0,645;1;0,998
"imaginário";1;0,001;1
"ilustrar";1;0,743;0,093
"iii";1;0,001;1
"igualdade";1;0,001;1
"ideológico";1;0,058;1
"hábito";1;0,058;1
"http";1;1;0,002
"historicamente";0,645;0,266;1
"grau";1;0,13;1
"golpe";1;0,007;1
"funcionário";1;0,058;1
"funcionalidade";1;1;0,093
"frida";1;0,007;1
"frequentemente";1;0,743;0,998
"favor";1;0,007;1
"faixa";1;1;0,093
"fachada";1;1;0
"extremamente";1;0,266;0,998
"expandir";1;0,266;1
"existencial";1;0,505;1
"executivo";1;0,058;1
"etário";1;1;0,093
"estruturação";1;0,505;0,794
"estação";1;1;0,038
"estatística";1;1;0
"estadunidense";1;0,266;0,401
"esporte";1;0,058;1
"espacial";1;0,046;1
"escasso";1;1;0,244
"enfocar";1;1;0,001
"enfermeiro";0,004;1;1
"empregado";1;1;0,012
"embasamento";1;1;0,001
"droga";0,232;0,885;1
"doutrina";1;1;0,012
"dor";0,209;0,743;1
"dominação";1;0,001;1
"documentar";1;1;0,003
"disposição";0,645;0,266;1
"dialético";1;0,885;0,119
"desencadear";0,04;1;1
"desejar";0,209;1;0,998
"descrito";1;0,743;0,998
"deleuze";1;0,001;1
"câmara";1;1;0
"criptomoedas";1;1;0,794
"convivência";0,04;1;1
"convencional";1;0,743;0,998
"contradição";1;0,007;1
"contabilidade";0,004;1;1
"conselho";1;0,266;1
"condução";1;1;0,244
"concretizar";1;0,743;0,401
"compra";1;0,003;1
"colonialismo";1;0,001;1
"citar";1;0,505;0,794
"certo";1;0,13;1
"campino";1;1;0,038
"campeonato";0,232;1;1
"br";1;1;0,002
"bolsa";1;1;0
"blog";1;0,505;0,244
"bastante";1;0,743;0,401
"assédio";1;0,003;1
"arquivamento";1;1;0
"arquitetura";1;0,284;0,57
"apropriar";1;0,058;1
"aparecer";1;0,058;0,998
"ancorar";1;1;0,001
"alterar";1;0,058;1
"alcançado";0,04;1;1
"acumular";0,209;1;0,998
"acontecimento";1;0,001;1
"acelerado";1;0,058;1
"absoluto";0,209;1;0,998
"abarcar";1;0,266;0,998
"aa";1;1;0,012
"ótica";1;0,13;0,794
"youtube";0,098;1;1
"violento";1;0,018;1
"veículo";0,799;1;0,57
"versar";1;0,505;0,794
"vedete";1;0,505;0,244
"variado";1;1;0,003
"validação";1;0,885;0,119
"validar";1;1;0,794
"unir";1;1;0,038
"trova";1;1;0,143
"transmissão";1;0,001;1
"tradução";1;0,13;0,794
"traduzir";0,427;1;0,794
"tradição";1;0,13;0,794
"tirar";1;1;0,039
"televisão";1;0,13;1
"síntese";1;0,505;0,794
"superação";1;0,505;0,794
"som";1;0,001;1
"sociológico";1;1;0
"sobrevivência";1;0,505;1
"sistêmico";0,427;0,505;1
"sintetizar";1;1;0,038
"singularidade";1;1;0,038
"singular";1;0,001;1
"sim";1;0,13;1
"silencioso";1;1;0,038
"sensibilidade";1;0,018;1
"senhor";1;1;0,003
"seguidor";1;0,003;1
"segmento";0,427;1;1
"sd";0,012;1;1
"satisfação";0,427;1;1
"sars";1;0,505;1
"rf";1;1;0,003
"retorno";1;0,003;1
"resultante";1;0,13;1
"residir";1;0,018;1
"remoção";1;1;0,038
"relacional";0,517;1;0,341
"regulamentação";1;0,13;1
"regulamentar";0,012;1;1
"regra";1;0,003;1
"redefinição";0,427;1;1
"recomendação";1;0,505;1
"radicular";1;1;0
"protagonismo";1;0,505;0,794
"projetar";1;0,505;0,244
"problematizações";0,012;1;1
"preventivo";0,427;1;1
"prestação";0,012;1;1
"pressuposto";1;0,018;1
"premissa";1;0,505;0,244
"prefeitura";1;1;0,011
"posteriormente";1;1;0,244
"poema";1;0,13;0,794
"pernambuco";1;1;0,003
"paul";1;0,001;1
"patrimonial";0,427;1;1
"patologia";1;1;0,038
"parceiro";1;1;0,003
"paixão";1;1;0,011
"ortodontia";0,232;1;1
"oriundo";1;0,505;1
"opressão";1;0,018;1
"ofício";1;0,505;0,794
"obtenção";0,427;1;1
"obstáculo";0,001;1;1
"notar";1;0,018;1
"mês";1;0,505;0,794
"méxico";1;1;0,038
"métrico";1;1;0
"modelagem";1;0,885;0,57
"ministrar";0,012;1;1
"minimizar";0,098;1;0,794
"milhão";1;0,018;1
"metadados";1;1;0,003
"mentoria";0,098;1;1
"mentor";0,427;1;0,794
"mencionar";0,427;0,505;1
"medir";1;0,505;1
"medicamento";1;1;0,244
"materializar";1;0,505;0,244
"massivo";1;1;0,244
"massa";1;1;0,038
"map";1;1;0
"magalhães";1;1;0,038
"líder";0,427;1;1
"linked";1;1;0
"link";1;1;0,038
"ligação";1;1;0,038
"ligado";1;0,018;1
"liderança";1;0,13;1
"legado";1;0,114;1
"jornalismo";0,799;0,885;1
"item";1;1;0,038
"iphan";1;1;0
"investigado";1;1;0,244
"intersecção";1;0,13;1
"interior";1;0,505;1
"inter";1;1;0,038
"intensificar";0,089;1;1
"inteligência";1;0,018;1
"instância";1;0,001;1
"iniciação";1;1;0
"inerente";1;0,018;1
"indústria";1;0,018;1
"indexação";1;1;0
"independente";0,427;0,505;1
"incerteza";1;0,003;1
"incentivar";1;0,505;1
"impor";1;0,018;1
"imergir";1;0,13;1
"imaterial";1;0,018;1
"ilegal";1;0,009;1
"idioma";1;1;0,119
"honra";1;0,003;1
"herdeiro";1;0,003;1
"guardar";1;0,001;1
"grosso";1;1;0,143
"geológico";1;0,018;1
"gasto";1;0,003;1
"fundação";1;1;0,244
"fundamentação";1;0,13;1
"freud";1;0,13;0,794
"frequente";1;1;0,038
"framework";0,427;1;0,794
"fortemente";1;0,13;1
"formativo";0,427;1;0,794
"flusser";1;0,001;1
"fisioterapeuta";0,427;1;0,794
"fiscalização";0,002;1;1
"filosófico";1;0,13;1
"fapesp";1;1;0
"extração";1;1;0
"experimental";1;1;0,038
"evidente";0,098;1;1
"etnográfico";1;0,13;0,794
"esteroides";0,098;1;1
"estabelecido";1;0,018;1
"espectador";1;0,003;1
"envelhecimento";1;0,018;1
"engendrar";0,427;1;1
"engajar";0,232;0,885;1
"eficiência";1;0,13;1
"editar";1;0,505;0,244
"edital";1;1;0
"ecologia";1;0,018;1
"dominar";0,799;0,885;1
"documentário";1;1;0,003
"diversificado";1;1;0,038
"dito";1;0,018;1
"distinguir";1;0,003;1
"discriminação";1;0,001;1
"direção";1;0,13;1
"dignidade";1;0,001;1
"dezembro";1;1;0,794
"desenho";1;1;0,244
"desenhar";1;0,505;0,794
"desdobramento";0,427;0,505;1
"delinear";0,232;1;0,57
"decidir";1;0,505;1
"cênico";1;0,001;1
"cuidadoso";0,012;1;1
"criticamente";1;0,505;0,794
"cov";1;0,505;1
"corporal";1;0,13;1
"cor";1;0,285;0,854
"conversa";1;1;0,003
"consumir";1;0,046;1
"consolidar";1;0,505;1
"conquista";0,517;0,586;1
"congresso";1;1;0
"confirmar";1;0,046;1
"concentração";0,799;0,284;1
"comércio";1;0,885;0,57
"composto";1;1;0,038
"comparação";1;0,018;1
"combater";1;0,13;1
"colonialidade";1;0,284;0,57
"coimbra";1;1;0,244
"catálogo";1;1;0
"casamento";1;0,003;1
"caricatura";1;0,284;0,57
"biológico";1;0,505;0,794
"averiguar";1;1;0,003
"atriz";1;0,018;1
"ascensão";1;0,001;1
"artefato";1;0,505;1
"armazenar";1;0,018;1
"argumentação";1;1;0,003
"aprofundamento";1;0,505;0,794
"antropologia";1;0,018;1
"antiguidade";1;0,13;0,794
"animação";1;0,13;1
"alinhado";1;0,505;1
"ahp";1;1;0,002
"agregar";0,098;1;0,794
"afetado";1;0,505;0,794
"acompanhamento";0,001;1;1
"abuso";0,001;1;1
"ótimo";1;1;0,143
"órgão";0,232;0,885;1
"zona";1;0,003;1
"workshop";0,799;1;0,57
"wikipedia";1;1;0,002
"vívido";0,799;0,885;1
"vislumbrar";0,799;1;0,57
"virtude";0,033;1;1
"violação";1;0,003;1
"versão";1;0,885;0,119
"venda";1;0,003;1
"usp";1;1;0
"usabilidade";1;1;0,011
"ufma";1;1;0,039
"tweets";1;0,586;0,341
"tríade";1;1;0,039
"tribunal";1;0,046;1
"transporte";1;0,284;1
"transparência";1;0,003;1
"transferir";0,799;1;0,57
"transcrição";1;0,284;0,57
"transação";1;0,046;1
"tocantins";0,232;1;1
"to";1;1;0,011
"tido";0,033;1;1
"testar";1;0,114;1
"terapêutico";0,033;1;1
"taxa";1;0,284;0,57
"sucedido";0,232;0,885;1
"substituição";1;0,046;1
"sublinhar";0,002;1;1
"sp";0,799;1;0,57
"soviético";1;0,009;1
"somar";1;0,046;1
"solucionar";0,232;1;1
"sofrimento";1;0,003;1
"soberania";1;0,046;1
"sintoma";1;1;0,039
"simulação";1;1;0,011
"senso";1;0,885;0,119
"semestre";0,232;1;0,57
"retomada";1;0,046;1
"ressignificação";0,002;1;1
"respeitar";1;0,284;1
"remunerar";1;1;0,011
"relativamente";1;0,003;1
"reivindicação";1;0,003;1
"regulação";1;0,003;1
"redor";1;0,003;1
"qualitativamente";1;0,003;1
"psicólogo";0,006;1;1
"psicanálise";1;0,885;0,119
"psf";1;1;0,119
"proximidade";1;1;0,119
"proteger";1;0,046;1
"protagonista";1;0,046;1
"profundamente";1;0,003;1
"prof";0,232;1;1
"processual";1;0,885;0,57
"processar";1;0,885;0,119
"privilegiado";0,033;1;1
"prisma";1;0,046;1
"preto";1;0,885;0,57
"preocupar";0,799;0,885;1
"predominante";1;0,284;1
"preconizar";1;0,046;1
"praticante";1;1;0,119
"potência";0,799;1;0,57
"postura";1;0,046;1
"posterior";1;0,284;1
"posicionar";1;0,046;1
"posicionamento";1;0,586;0,341
"polêmico";1;0,284;1
"poesia";1;0,885;0,119
"plural";1;0,284;1
"pleno";1;0,046;1
"planta";1;1;0,011
"pioneiro";1;0,885;0,119
"piauí";1;1;0
"personalização";0,002;1;1
"personalizado";0,002;1;1
"perda";1;0,046;1
"parcial";1;1;0,011
"paraná";1;1;0,119
"pagamento";1;0,586;0,341
"organizacional";1;0,046;1
"oralidade";1;1;0,002
"opção";1;0,284;1
"open";1;1;0
"ocidente";1;0,046;1
"obrigatório";0,517;1;1
"obrigar";1;0,046;1
"numeroso";1;0,284;1
"multiletramentos";0,033;1;1
"multidimensional";1;1;0,011
"motor";1;1;0,119
"motivador";0,799;0,885;1
"monografia";1;1;0
"modernização";1;0,003;1
"mobilização";0,799;0,284;1
"migração";0,799;0,885;1
"michel";1;0,003;1
"meta";1;0,885;0,57
"mero";0,799;0,284;1
"memes";1;0,284;1
"membro";1;1;0,011
"marxista";1;0,284;0,57
"marginalizar";1;0,003;1
"maranhão";1;0,046;1
"mar";1;0,586;1
"manual";1;1;0,119
"ma";1;0,114;1
"lispector";1;0,046;1
"laboral";0,799;0,284;1
"juventude";1;0,003;1
"justo";0,799;0,284;1
"jurisprudencial";1;0,284;0,57
"julgamento";0,799;1;0,119
"jornalista";1;0,003;1
"itinerário";1;1;0,119
"interpretar";1;0,003;1
"internacionalização";1;1;0
"interessado";1;1;0,011
"integrante";1;1;0
"institucionalizar";1;1;0,341
"instalação";1;0,046;1
"inquietação";0,799;1;0,57
"inocência";1;0,009;1
"ininterrupto";1;0,046;1
"information";1;1;0
"industrial";1;0,046;1
"indispensável";0,232;0,885;1
"incentivo";0,799;0,284;1
"imprimir";1;0,046;1
"iep";0,002;1;1
"humanista";1;1;0,011
"homo";1;0,009;1
"historicidade";1;0,046;1
"hipertensão";0,002;1;1
"hermenêutica";1;0,284;0,57
"hegel";1;0,003;1
"hanói";1;0,046;1
"guimarães";0,232;1;0,57
"gravação";1;1;0
"gratuito";0,799;1;0,119
"funes";1;0,285;0,854
"fundado";1;0,003;1
"foucault";1;0,003;1
"formado";1;0,885;0,119
"forense";1;1;0
"flexibilidade";0,243;1;1
"fito";1;1;0
"festa";1;0,885;0,119
"feminista";1;0,003;1
"feminismo";1;0,003;1
"federativo";1;0,003;1
"falso";1;0,046;1
"falha";1;0,046;1
"fairness";1;1;0,006
"facilitador";0,033;1;1
"fabricação";0,799;1;0,57
"extrair";1;1;0,011
"extenso";1;1;0
"explícito";1;0,046;1
"exemplificar";1;1;0
"exclusivo";0,799;0,885;1
"estudioso";1;0,046;1
"estimativa";1;0,284;0,57
"estender";1;0,885;0,119
"esquerdo";1;0,009;1
"esportivo";1;0,586;0,341
"especialização";1;1;0
"ernesto";0,799;1;0,57
"equilibrar";0,232;0,885;1
"entrega";0,799;0,284;1
"enorme";1;0,284;1
"endodontia";1;1;0
"elevado";0,799;0,885;1
"eleger";1;1;0,006
"el";1;1;0,119
"efetivação";1;0,284;1
"efetivamente";0,033;1;1
"edictor";1;1;0,006
"ecossistema";0,799;0,284;1
"distante";1;1;0
"disponibilidade";1;0,885;0,119
"dilema";1;0,003;1
"detentor";0,232;0,885;1
"detalhe";0,799;0,885;1
"destino";1;1;0,341
"desenvolvedor";1;0,046;1
"derivar";1;0,046;1
"derivado";1;0,003;1
"depoimento";1;0,046;1
"dependência";1;0,586;0,341
"densidade";1;0,885;0,119
"democratizar";0,033;1;1
"declarar";0,799;0,885;1
"dança";0,799;1;0,57
"céu";1;0,285;0,854
"cyberbullying";0,089;1;1
"cumprimento";1;0,046;1
"crm";1;1;0
"corresponder";1;0,284;0,57
"correspondente";0,002;1;1
"coordenado";0,243;1;0,854
"conviver";0,517;0,586;1
"conto";1;0,586;0,341
"consultar";1;1;0,119
"constitutivo";1;0,885;0,119
"constitucional";1;0,003;1
"consolidado";1;0,885;0,57
"conservação";0,799;0,885;1
"consciência";1;0,046;1
"conjuntura";1;0,046;1
"conceituar";1;0,003;1
"comunicacional";0,232;0,885;1
"começar";0,517;0,586;1
"colômbia";1;0,009;1
"coletar";1;1;0,119
"cnpq";1;1;0
"cesima";1;1;0,039
"cegueira";1;0,009;1
"catarina";1;1;0,011
"carreira";1;0,885;0,57
"caracterização";1;0,885;0,119
"canção";1;0,046;1
"camada";1;0,009;1
"burnout";0,006;1;1
"biologia";0,033;1;1
"biodiversidade";1;1;0,119
"bibliotecário";0,232;1;0,57
"belgrado";1;0,009;1
"aumentado";0,232;0,885;1
"atrás";0,799;0,885;1
"assegurar";1;0,885;0,57
"artificial";1;0,046;1
"aquarela";1;0,046;1
"almeida";0,002;1;1
"alinhar";0,232;1;1
"alerta";1;0,284;0,57
"agrícola";0,232;1;1
"agricultura";1;1;0,119
"afim";0,799;1;0,119
"afastar";1;0,284;1
"acidente";1;0,885;0,119
"academia";0,799;1;0,119
"abrangência";1;0,885;0,119
"abertura";1;0,885;0,119
"3d";1;1;0,011
"xviii";1;0,114;1
"wikipédia";1;1;0,002
"white";1;0,023;1
"whatsapp";0,517;0,586;1
"vínculo";1;0,009;1
"vulnerável";0,517;0,586;1
"voluntário";1;1;0,039
"virtualização";1;1;0,039
"verde";1;0,285;0,854
"veicular";1;0,114;1
"vegetal";1;0,285;0,854
"variar";1;0,586;0,341
"usufruir";1;0,114;1
"universal";1;0,023;1
"unesp";1;1;0,002
"ultrassom";1;1;0,006
"ufba";0,517;1;0,341
"uesb";1;1;0,002
"uberização";1;0,009;1
"tuxmath";0,006;1;1
"tudo";1;0,009;1
"trânsito";1;0,114;1
"trás";1;0,586;1
"tributação";1;1;0,341
"transferência";0,089;1;1
"transdisciplinares";1;1;0,039
"trama";1;0,009;1
"trajetória";1;0,114;1
"tocar";1;0,114;1
"tipologia";1;0,586;0,341
"testemunhar";1;0,009;1
"terminológico";1;1;0,143
"terapia";0,089;1;1
"tensão";1;0,114;1
"teletrabalho";0,089;1;1
"tela";0,517;1;1
"sério";1;0,009;1
"sustentação";1;1;0,039
"suscitar";0,517;1;1
"supracitado";1;1;0,039
"suma";1;0,114;1
"solidariedade";1;0,009;1
"socioambientais";0,517;1;1
"smartphones";0,517;0,586;1
"sinal";1;1;0,854
"simplificar";1;1;0,341
"sgdi";1;1;0,002
"sexualidade";1;0,009;1
"setembro";0,089;1;1
"sensu";1;1;0,006
"semelhança";1;0,114;1
"semanal";1;1;0,002
"secretaria";0,243;1;0,854
"secessão";1;0,114;1
"rosar";1;0,009;1
"rondônia";0,006;1;1
"romper";0,517;0,586;1
"romano";1;0,114;1
"rn";1;0,285;1
"ritual";1;0,023;1
"revolucionário";1;0,009;1
"rever";1;0,586;1
"reunião";1;1;0,039
"retórica";1;1;0,039
"retirar";1;0,114;1
"restar";0,517;0,586;1
"responsabilização";1;0,009;1
"respaldar";1;1;0,039
"resolver";0,517;1;1
"residência";0,006;1;1
"representativo";1;0,586;0,341
"representante";1;0,114;1
"reportagem";1;0,114;1
"repetitivo";0,517;0,586;1
"repensar";1;1;0,039
"reiterar";0,517;1;0,341
"reinserção";0,089;1;1
"redução";1;1;0,341
"rapidamente";1;0,114;1
"racialidade";1;0,009;1
"quesito";0,006;1;1
"punk";1;0,009;1
"psíquico";1;0,114;1
"prévio";0,517;1;1
"província";0,517;0,586;1
"protocolo";1;1;0,039
"prospecção";1;1;0,002
"proporção";1;0,009;1
"prol";0,517;0,586;1
"projeção";1;1;0,039
"programar";1;0,586;1
"profícuo";0,006;1;1
"privilegiar";1;0,114;1
"primordial";0,089;1;1
"primitivo";1;0,009;1
"primeiramente";1;1;0,341
"preço";1;0,009;1
"presunção";1;0,009;1
"prestar";0,517;1;1
"pressão";0,517;0,586;1
"presidente";1;0,009;1
"predominantemente";0,517;1;1
"precisão";0,517;1;0,341
"precarização";1;0,114;1
"posto";1;0,114;1
"postal";1;1;0,002
"pontuar";1;1;0,341
"ponta";1;0,114;1
"polícia";1;0,009;1
"polifônico";1;0,285;0,854
"podcast";1;0,114;1
"pobreza";1;0,009;1
"plantação";1;0,285;0,854
"pintura";1;0,009;1
"pertencente";1;0,586;0,341
"perigo";1;0,114;1
"penal";1;0,114;1
"paz";1;0,586;0,341
"passivo";1;0,114;1
"partilhar";1;0,009;1
"particularmente";0,089;1;1
"paralelo";1;0,009;1
"paradoxo";1;0,586;0,341
"padlet";0,006;1;1
"pa";0,517;1;1
"ouvir";0,517;0,586;1
"oriente";1;0,586;0,341
"oposição";1;0,009;1
"ontologia";1;0,586;1
"oficina";1;1;0,002
"ocorrência";1;0,586;1
"ocidental";1;0,009;1
"obviamente";1;1;0,341
"obrigação";1;0,285;1
"nuançar";1;1;0,039
"notório";1;0,009;1
"notadamente";1;0,023;1
"nordestino";1;0,114;1
"nomear";1;0,009;1
"ninguem";0,006;1;1
"nilo";1;0,009;1
"nietzsche";1;0,009;1
"neurociência";0,517;1;0,341
"nazista";1;0,285;0,854
"navegação";1;0,586;1
"museológico";1;0,009;1
"muro";0,517;0,586;1
"multimodal";0,089;1;1
"multifacetado";1;0,586;1
"morar";1;0,285;0,854
"morador";1;0,009;1
"moradia";1;0,586;1
"monumento";1;0,114;1
"modificação";1;0,009;1
"mitigar";0,089;1;1
"michoacán";1;1;0,002
"metragem";1;0,009;1
"metodista";1;1;0,039
"metilfenidato";0,089;1;1
"metafísica";1;0,114;1
"mestre";1;0,586;0,341
"medo";1;0,114;1
"medline";1;1;0,143
"medieval";1;0,023;1
"medicinal";1;0,114;1
"matriz";1;0,586;1
"marca";1;0,009;1
"maranhense";0,517;1;1
"manejo";0,089;1;1
"maio";1;0,023;1
"luis";1;1;0,002
"locativos";1;0,023;1
"limitar";1;0,586;1
"lilacs";1;1;0,006
"libra";1;1;0,854
"levy";1;0,114;1
"letivo";0,006;1;1
"lesão";0,006;1;1
"lema";1;1;0,002
"legislativo";1;0,586;0,341
"le";0,017;1;1
"kumaravadivelu";1;0,285;1
"kress";1;0,285;0,854
"kalantzis";0,006;1;1
"justificar";1;1;0,039
"juiz";1;0,023;1
"joão";1;0,586;0,341
"jorge";1;1;0,002
"jesus";1;0,114;1
"iv";1;0,114;1
"iugs";1;0,586;0,341
"itacoatiara";0,006;1;1
"iramuteq";1;1;0,002
"investigador";1;1;0,039
"invenção";0,089;1;1
"inundação";1;1;0,039
"intervir";0,517;1;1
"interessar";1;0,009;1
"interculturalidade";1;0,009;1
"interconexão";1;0,586;1
"intensificação";1;0,114;1
"institucionalização";1;1;0,039
"instalar";1;0,586;1
"inferir";1;0,586;0,341
"indicador";0,517;1;0,341
"independência";1;0,285;0,854
"incipiente";0,517;1;0,341
"incessante";1;0,114;1
"imersão";1;1;0,341
"ibram";1;1;0,002
"humor";1;0,285;1
"hiperdia";0,006;1;1
"heterogêneo";0,517;1;1
"herói";1;0,023;1
"hegemonia";1;0,009;1
"habitar";1;0,009;1
"gênese";1;0,114;1
"guia";1;1;0,341
"grego";1;0,114;1
"goiás";1;0,023;1
"go";1;0,009;1
"geométrico";1;0,586;1
"generos";1;0,114;1
"fértil";1;0,114;1
"fundo";1;1;0,341
"frequência";1;0,586;0,341
"freiriana";1;1;0,143
"fragilidade";1;1;0,039
"formular";1;0,114;1
"fomento";1;1;0,341
"folha";1;0,009;1
"fisher";1;0,114;1
"financiamento";1;1;0,039
"finalmente";1;1;0,039
"filtro";1;0,114;1
"figurar";0,517;1;1
"fenotípicos";1;1;0,143
"felino";1;1;0,039
"farmacológico";0,017;1;1
"faceta";1;1;0,039
"explorado";1;0,009;1
"experimento";1;1;0,039
"exigência";0,517;1;1
"exclusivamente";1;0,114;1
"excesso";1;0,023;1
"etnografia";1;0,586;0,341
"estruturar";1;0,586;0,341
"espetáculo";1;0,009;1
"esperança";1;0,023;1
"especificação";1;1;0,002
"escutar";1;0,586;1
"esclarecer";0,517;1;1
"epidemiológico";1;0,114;1
"entrar";1;0,285;1
"entidade";1;0,114;1
"ensejar";0,517;0,586;1
"enriquecimento";1;0,114;1
"enredo";1;0,586;0,341
"enquadramento";1;0,114;1
"englobar";1;1;0,039
"engenharia";1;1;0,143
"empoderamento";1;1;0,039
"emocional";0,517;0,586;1
"eleição";1;0,586;0,341
"eixo";1;0,586;0,341
"educação_a_distância";0,006;1;1
"economicamente";1;0,009;1
"eco";1;0,009;1
"dr";1;1;0,143
"divisão";1;0,114;1
"distinção";1;0,586;1
"dispor";1;0,114;1
"discrepância";1;0,009;1
"disco";1;0,009;1
"diminuir";1;0,285;0,854
"digitalmente";1;0,586;1
"diariamente";1;0,586;0,341
"di";0,006;1;1
"detrimento";1;0,586;1
"detalhado";1;1;0,143
"destruir";1;0,586;1
"depreender";1;0,009;1
"declínio";0,243;1;1
"declaração";1;0,114;1
"datar";1;0,586;0,341
"césar";1;0,114;1
"crônico";0,006;1;1
"cruzar";1;1;0,039
"cruz";1;1;0,039
"cronológico";1;0,586;0,341
"cpc";1;1;0,002
"corte";1;0,586;0,341
"correção";1;0,586;0,341
"copar";0,006;1;1
"contábil";0,517;1;1
"controvérsia";1;1;0,039
"contextual";1;0,586;0,341
"contaminação";0,006;1;1
"contagem";1;0,586;0,341
"conta";1;0,285;0,854
"consonância";1;0,586;0,341
"consistente";1;0,114;1
"conseguinte";0,089;1;1
"conscientização";0,517;0,586;1
"confiança";1;0,114;1
"confiabilidade";1;1;0,039
"conferir";0,517;1;0,341
"comportar";1;0,009;1
"compilar";1;0,586;0,341
"competitivo";1;0,586;0,341
"colaborador";1;1;0,341
"clarice";1;0,114;1
"citado";0,517;1;0,341
"cirurgia";1;1;0,143
"celebrar";1;0,114;1
"católico";1;1;0,006
"carácter";1;0,586;0,341
"cartografia";1;0,586;0,341
"captura";1;0,586;0,341
"candidato";1;0,285;0,854
"cair";0,517;1;1
"bolha";1;0,009;1
"blogs";1;1;0,039
"bloco";1;1;0,039
"beauvoir";1;0,009;1
"bakhtin";1;0,114;1
"aí";0,089;1;1
"aventura";1;0,114;1
"avançar";0,517;0,586;1
"automático";1;1;0,002
"atravessar";1;0,009;1
"atraente";0,089;1;1
"atlântico";1;1;0,039
"assistência";0,006;1;1
"art";1;0,023;1
"ars";1;1;0,002
"arquitetônico";1;1;0,039
"arqueológico";1;0,114;1
"argumentativo";1;1;0,039
"aprofundado";0,517;1;1
"aprendiz";0,006;1;1
"aporte";1;1;0,341
"apelar";1;1;0,039
"anticomunista";1;0,009;1
"ambiência";1;0,009;1
"amaral";1;1;0,039
"am";0,006;1;1
"almejar";1;0,586;0,341
"alimento";1;0,114;1
"alicerçar";0,517;1;0,341
"alegoria";1;0,009;1
"ajustar";0,517;0,586;1
"ajuda";1;1;0,854
"agrupar";1;1;0,002
"agronegócio";1;0,114;1
"agressor";0,089;1;1
"agilidade";1;0,114;1
"agenda";1;0,586;0,341
"afrodescendentes";1;0,285;0,854
"afro";1;0,009;1
"afinal";1;0,114;1
"afetivo";1;0,009;1
"adriano";1;0,114;1
"aderir";1;0,023;1
"adequar";1;1;0,341
"abril";1;0,586;0,341
"abandono";1;0,009;1
"égide";1;0,285;1
"ápice";1;0,023;1
"álcool";0,243;1;1
"zaba";1;0,285;0,854
"westworld";1;0,023;1
"wegner";1;1;0,854
"wagner";1;0,285;1
"visível";1;0,285;0,854
"visualidade";1;0,285;0,854
"visitante";1;0,285;0,854
"visita";1;0,285;0,854
"violar";1;0,285;0,854
"viola";1;0,023;1
"vingança";1;0,023;1
"vilém";1;0,023;1
"vigor";1;0,285;0,854
"view";1;1;0,006
"vento";1;0,285;0,854
"vender";1;0,285;0,854
"variedade";1;1;0,854
"van";1;0,285;0,854
"valéria";1;1;0,006
"validade";1;1;0,143
"vacinação";1;0,023;1
"vacina";1;0,285;0,854
"utilizá";0,017;1;1
"utilidade";1;1;0,143
"urgência";0,243;1;1
"uno";1;1;0,854
"unb";1;1;0,143
"ultrapassar";0,243;1;1
"ufsc";1;1;0,143
"ufrgs";1;1;0,143
"ubíquo";1;0,285;1
"tímido";1;0,023;1
"tv";1;1;0,143
"tumba";1;0,023;1
"trágico";1;0,285;0,854
"treinar";1;1;0,854
"traço";1;0,285;0,854
"traçado";0,243;1;0,854
"transversal";1;1;0,854
"transcender";0,243;1;1
"trabalhado";1;1;0,006
"totalmente";0,243;1;1
"tombo";1;1;0,006
"titular";0,243;1;1
"timeline";1;1;0,006
"terrestre";1;1;0,854
"teoricamente";1;1;0,854
"teor";1;0,285;1
"temporomandibular";0,243;1;0,854
"tematização";1;1;0,006
"technology";1;1;0,006
"tardio";1;0,023;1
"tanque";0,243;1;0,854
"tablets";0,243;1;1
"suzanne";1;0,023;1
"suspensão";0,243;1;1
"sugestão";1;0,285;1
"subprojeto";1;1;0,143
"submeter";1;0,285;0,854
"subjacente";1;1;0,854
"strike";1;0,285;1
"sociolinguística";1;1;0,143
"simone";1;0,285;1
"simbiose";1;0,285;0,854
"signo";1;0,023;1
"significação";1;0,285;0,854
"sentir";0,243;1;1
"sentimento";1;0,285;0,854
"sentença";1;0,023;1
"sensação";1;0,285;1
"selo";1;1;0,006
"seletivo";1;1;0,854
"sede";1;0,023;1
"seara";1;0,023;1
"screenagers";1;1;0,143
"schroeder";1;0,023;1
"sapiens";1;1;0,854
"sadler";0,243;1;1
"rüsen";1;1;0,006
"rádio";1;1;0,854
"ruína";1;0,285;0,854
"russo";1;0,285;0,854
"rpg";0,243;1;1
"rp";0,243;1;0,854
"rosário";1;1;0,006
"rodriguez";1;0,023;1
"roda";1;1;0,006
"revolto";1;0,023;1
"revisitar";1;0,285;1
"reutilização";1;1;0,143
"retrospectivo";1;1;0,143
"retornar";1;1;0,143
"resíduo";0,243;1;1
"restringir";1;0,285;0,854
"residente";1;0,285;0,854
"resgate";1;0,023;1
"resenha";1;1;0,143
"reproduzir";1;0,285;1
"repetição";1;0,285;1
"renovar";0,243;1;1
"remeter";1;0,023;1
"remark";1;1;0,854
"releitura";1;0,285;0,854
"reivindicar";1;0,023;1
"reinvenção";1;0,023;1
"rei";1;0,285;0,854
"regência";0,017;1;1
"regularidade";1;1;0,006
"regulador";0,243;1;1
"reformular";1;0,023;1
"recriar";1;0,285;1
"reconstrução";1;0,023;1
"reconfiguração";1;0,285;0,854
"recompensa";0,017;1;1
"recife";1;0,285;0,854
"realmente";1;1;0,143
"realista";1;0,285;1
"realismo";1;0,023;1
"rappi";1;1;0,006
"radical";0,243;1;1
"racionalidade";1;0,285;0,854
"racional";0,017;1;1
"quarto";1;1;0,143
"quali";1;1;0,006
"punir";0,243;1;1
"publicidade";1;1;0,854
"psicopatológico";1;0,285;0,854
"provavelmente";1;0,285;1
"protagonizar";1;0,023;1
"propaganda";1;0,285;0,854
"promovido";0,243;1;1
"programação";1;0,285;0,854
"proficiência";0,017;1;1
"produtividade";1;0,023;1
"proceedings";1;1;0,006
"prisional";1;0,285;1
"primórdio";0,243;1;1
"primordios";1;0,023;1
"prevalência";0,243;1;1
"prescrito";1;1;0,006
"prejudicar";1;0,285;1
"preferência";1;0,285;1
"precedente";1;0,023;1
"power";0,243;1;0,854
"potencialmente";1;0,285;1
"potencialização";1;0,285;1
"portugal";1;1;0,854
"porto";1;1;0,143
"porte";1;0,023;1
"populismo";1;0,023;1
"poppe";1;0,023;1
"pontual";1;0,023;1
"poluição";1;0,285;1
"politécnico";0,243;1;1
"polarização";1;0,023;1
"pokémon";1;0,023;1
"pnedh";0,017;1;1
"plataformização";1;0,285;1
"planilha";1;1;0,006
"pinto";1;0,285;1
"piloto";1;1;0,143
"php";1;1;0,006
"peça";1;0,023;1
"pertencimento";1;0,285;1
"personalizar";0,017;1;1
"persistir";1;0,285;1
"perpetuação";0,243;1;0,854
"pernambucano";1;1;0,854
"permanência";1;0,023;1
"periodicos";1;1;0,006
"pelagem";1;1;0,143
"pe";1;1;0,143
"patriótico";1;0,023;1
"patente";1;1;0,143
"partido";1;0,285;0,854
"parque";1;0,285;0,854
"pandêmica";1;0,023;1
"paliativo";0,017;1;1
"palco";1;0,023;1
"otimizar";0,017;1;1
"originar";0,017;1;1
"orientador";0,243;1;0,854
"or";1;1;0,006
"operatório";1;1;0,143
"opacidade";1;0,285;0,854
"odontologia";1;1;0,143
"ocultar";1;0,285;0,854
"obstante";1;0,023;1
"oas";0,017;1;1
"nuvem";1;0,285;0,854
"ntic";0,017;1;1
"novembro";1;1;0,143
"notoriedade";1;1;0,143
"nomeadamente";1;0,285;1
"noite";1;0,285;0,854
"nicolas";1;0,023;1
"new";1;1;0,143
"nazaré";1;1;0,006
"nascer";1;1;0,143
"narrar";1;0,285;0,854
"nada";1;0,285;0,854
"mônica";0,017;1;1
"mágico";1;1;0,854
"multiplicidade";1;1;0,854
"multilíngue";1;1;0,143
"mudo";1;0,285;0,854
"mover";1;0,285;1
"mormente";0,243;1;1
"moretti";1;1;0,143
"monumental";1;0,285;0,854
"montagem";1;0,023;1
"monitorar";0,243;1;1
"mirar";1;1;0,143
"mineiro";1;1;0,854
"midiático";1;0,285;0,854
"midiatização";1;0,285;0,854
"metafunção";1;0,285;0,854
"metabólico";0,017;1;1
"mesa";1;1;0,143
"mensuração";1;1;0,143
"mensurar";1;1;0,854
"menezes";1;0,023;1
"memorial";1;1;0,143
"mello";0,243;1;1
"mellitus";0,017;1;1
"melhora";0,017;1;1
"melar";1;1;0,006
"medievo";1;0,285;1
"mediador";0,243;1;1
"mecânico";1;0,023;1
"meado";1;0,023;1
"maximizar";0,243;1;1
"marx";1;0,285;0,854
"mark";1;0,023;1
"margem";1;0,023;1
"marcante";1;1;0,854
"marcado";1;0,023;1
"maravilha";1;0,023;1
"maquiavel";1;0,285;0,854
"mansplaining";1;0,023;1
"mandato";1;0,023;1
"mal";1;0,023;1
"majoritário";1;1;0,854
"lábrea";0,017;1;1
"luís";1;1;0,854
"luto";0,017;1;1
"luso";1;0,285;0,854
"luhmann";1;0,023;1
"lopes";1;1;0,006
"longe";1;0,285;0,854
"localização";1;1;0,143
"liu";1;0,023;1
"lisboa";1;1;0,143
"linear";1;1;0,143
"licenciar";0,243;1;1
"libertador";1;0,023;1
"lexical";1;1;0,143
"leve";1;0,285;0,854
"levantado";1;1;0,143
"letalidade";1;0,023;1
"lente";1;1;0,854
"leigo";1;0,023;1
"legar";1;0,285;0,854
"leeuwen";1;0,285;0,854
"lecionar";0,243;1;0,854
"lazer";0,243;1;1
"latente";1;1;0,143
"larhud";1;1;0,143
"largo";1;1;0,143
"juvenil";1;1;0,143
"justificado";1;0,285;0,854
"jurisdição";1;0,023;1
"junho";1;1;0,006
"julho";1;0,285;0,854
"judiciário";1;0,023;1
"john";1;0,285;0,854
"jogar";0,243;1;1
"iugoslavo";1;0,023;1
"ira";1;1;0,143
"investir";0,243;1;1
"intolerância";1;0,023;1
"interlocutor";1;0,023;1
"interligar";1;0,285;0,854
"intelectualidade";1;0,023;1
"integridade";1;1;0,143
"insumo";1;1;0,854
"instituir";1;0,285;1
"instaurar";1;0,023;1
"instantâneo";1;0,285;1
"insegurança";1;0,285;1
"inscrição";0,243;1;1
"inscrever";1;0,285;0,854
"inocente";1;0,285;1
"informado";0,243;1;1
"infantojuvenil";1;1;0,854
"inegável";1;0,285;1
"indutivo";1;1;0,143
"individualização";1;0,285;0,854
"indicado";1;1;0,143
"index";1;1;0,006
"incidência";1;0,285;0,854
"imenso";1;0,285;0,854
"imbricar";1;0,285;1
"imago";1;1;0,006
"igualitário";0,017;1;1
"ifam";1;1;0,143
"icom";1;1;0,143
"humanístico";1;1;0,006
"humanidades_digitales";1;1;0,143
"humaitá";1;1;0,143
"hospital";1;0,023;1
"homossexual";1;0,023;1
"hidrogênio";0,243;1;0,854
"hibridização";1;0,023;1
"heurístico";1;1;0,006
"heterogeneidade";1;1;0,854
"hemeroteca";1;0,285;0,854
"hashtags";1;1;0,143
"has";0,243;1;1
"hardcore";1;0,023;1
"han";1;0,285;0,854
"habitante";1;0,023;1
"gás";1;0,285;1
"greimasiana";1;0,023;1
"gravidade";1;0,285;0,854
"grafia";1;1;0,854
"gps";1;1;0,143
"governança";1;0,023;1
"gosto";1;0,285;1
"gonçalves";0,017;1;1
"golpista";1;0,285;1
"golpismo";1;0,023;1
"globalizar";0,243;1;1
"gilda";1;0,285;0,854
"gil";1;1;0,006
"gerenciar";1;0,285;1
"geralmente";1;0,285;1
"geogebra";1;1;0,143
"genérico";1;0,285;1
"genuíno";1;0,023;1
"garantido";1;0,285;1
"game";1;1;0,143
"gambiarra";1;0,023;1
"fórmula";1;0,285;0,854
"fuzzy";1;1;0,143
"fusão";1;0,023;1
"fraude";1;0,285;0,854
"franco";1;1;0,006
"fragmento";1;1;0,006
"fossar";1;1;0,854
"focalizar";1;0,285;1
"fn";1;0,285;0,854
"floresta";1;0,285;0,854
"flexível";1;0,285;0,854
"fixo";1;0,285;0,854
"fisioterapêutica";0,243;1;1
"fiscal";1;0,285;1
"filiação";1;1;0,006
"filatélico";1;1;0,006
"ficcional";1;0,285;0,854
"fenomenologia";1;1;0,854
"famoso";1;1;0,143
"famfs";1;0,285;0,854
"facilitação";1;1;0,854
"facilitado";1;0,285;0,854
"extraordinário";1;1;0,854
"exterior";1;1;0,143
"explicação";1;0,285;1
"explicativo";1;1;0,006
"experimentado";1;0,023;1
"exibição";1;0,285;0,854
"excessivo";1;1;0,854
"ex";1;1;0,854
"evocar";1;0,285;0,854
"eventual";1;0,023;1
"eurocentrismo";1;0,285;1
"estreito";1;1;0,854
"estimulação";0,017;1;1
"estigmatização";1;0,285;1
"estatisticamente";1;0,023;1
"estabilidade";1;0,023;1
"esquecimento";1;0,285;0,854
"especificar";1;1;0,854
"especialidade";1;1;0,854
"escolarização";1;0,285;1
"equilíbrio";0,017;1;1
"ept";1;1;0,854
"episódio";1;0,285;0,854
"enxergar";1;0,023;1
"enunciação";1;0,285;0,854
"entrevistar";0,243;1;0,854
"ensaístico";1;0,023;1
"enquadrar";1;1;0,143
"engajadora";0,017;1;1
"enfim";1;0,023;1
"enfermagem";0,243;1;0,854
"empires";1;0,023;1
"emissão";1;0,285;0,854
"emissor";1;0,285;1
"emblemático";1;0,023;1
"emancipatórios";1;0,285;0,854
"eduardo";1;1;0,006
"ecológico";1;0,285;1
"dúvida";0,243;1;1
"déficit";1;0,285;1
"doutrinário";1;1;0,143
"dooly";0,243;1;1
"domiciliar";0,017;1;1
"dm";0,243;1;1
"diversificar";0,017;1;1
"distorção";1;0,285;1
"disparidade";0,243;1;1
"disfunção";0,243;1;0,854
"discorrer";1;1;0,854
"difundir";1;1;0,854
"diferenciar";1;1;0,854
"diferencial";0,017;1;1
"dicotomia";1;1;0,854
"determinante";1;0,023;1
"detalhar";1;0,285;0,854
"desvelar";1;0,285;0,854
"despontar";1;1;0,854
"desigual";1;0,023;1
"designação";1;0,023;1
"desemprego";1;0,023;1
"desdobrar";1;1;0,143
"descentralização";1;0,285;0,854
"descentralizado";1;1;0,854
"dependente";1;0,023;1
"dentista";0,243;1;1
"demonstração";1;1;0,854
"demarcar";1;0,285;0,854
"delineamento";1;1;0,854
"definitivamente";1;0,285;1
"deborah";1;0,023;1
"debatedor";1;1;0,006
"círio";1;1;0,006
"cão";1;1;0,143
"cunha";0,243;1;1
"criticidade";1;0,285;0,854
"criterioso";1;1;0,854
"cristina";1;1;0,143
"criminal";1;1;0,143
"couret";1;0,023;1
"counter";1;0,285;1
"cota";1;0,285;1
"costume";1;0,285;0,854
"corroborar";1;1;0,854
"correspondência";1;1;0,854
"corporação";1;1;0,854
"contraponto";1;1;0,143
"constelação";1;0,023;1
"consenso";1;1;0,854
"conselheiro";0,243;1;1
"conscientizar";1;0,023;1
"consagrar";1;0,285;0,854
"confronto";1;0,285;0,854
"conformar";1;1;0,006
"confluência";1;0,285;0,854
"conferência";1;1;0,006
"condenatório";1;0,023;1
"concluimos";1;1;0,854
"conceder";1;1;0,143
"comunicacionais";1;0,023;1
"comprimento";1;0,285;0,854
"composicional";1;0,285;0,854
"complicação";0,017;1;1
"comissão";1;1;0,006
"comercialização";1;0,285;0,854
"comemorativo";1;1;0,006
"colégio";1;1;0,006
"colonialista";0,243;1;1
"coletividade";1;0,023;1
"coletivamente";1;0,023;1
"colapso";1;0,285;1
"cobrir";1;0,285;0,854
"co";1;0,285;0,854
"cliente";1;0,023;1
"classificado";1;1;0,143
"cirurgião";0,243;1;1
"cimplifica";1;1;0,143
"cigarro";1;1;0,854
"cerrado";1;1;0,854
"cerne";1;1;0,143
"cdc";1;0,285;1
"caótico";1;0,285;0,854
"castro";1;1;0,006
"castells";1;1;0,143
"carência";0,243;1;1
"carteira";1;0,285;0,854
"carta";1;1;0,143
"capacitado";0,017;1;1
"candidatura";1;1;0,143
"camponês";1;1;0,854
"camargo";1;1;0,854
"calcular";1;1;0,143
"calcificar";1;1;0,006
"cadeia";1;0,285;0,854
"brasília";1;1;0,854
"bourdieu";1;0,285;0,854
"bonito";1;0,023;1
"bolsonarismo";1;0,023;1
"bojo";1;1;0,854
"blockchain";1;1;0,854
"bird";1;0,023;1
"bioética";0,017;1;1
"benjamin";1;0,023;1
"belo";1;1;0,143
"bastar";1;0,285;1
"barcelona";1;1;0,006
"bakhtiniana";1;0,023;1
"avaliativo";0,243;1;0,854
"autoritário";1;0,285;0,854
"automatizar";1;0,285;0,854
"autocuidado";0,243;1;0,854
"autismo";1;1;0,143
"atributo";1;1;0,143
"atrelar";1;1;0,143
"atraves";1;1;0,143
"atitude";1;0,023;1
"assolar";1;0,285;1
"association";1;1;0,006
"article";1;1;0,006
"artesanal";1;0,023;1
"arquivística";1;1;0,006
"arma";1;0,285;0,854
"arendt";1;0,023;1
"aproximado";1;1;0,854
"aproximadamente";1;1;0,854
"aprovação";1;0,285;1
"aprovar";0,243;1;1
"apreensão";0,017;1;1
"aparecimento";1;0,285;1
"antónio";1;1;0,006
"antártica";1;1;0,854
"antropólogo";1;0,023;1
"antropológico";1;0,023;1
"antecipado";1;0,285;0,854
"andré";1;1;0,854
"ancestral";1;0,285;1
"analogia";1;0,023;1
"analisá";1;0,023;1
"amenizar";0,243;1;1
"altamente";0,243;1;1
"ali";1;0,285;0,854
"algodão";1;1;0,006
"alertar";1;0,023;1
"alemão";1;0,285;0,854
"alarmante";1;1;0,854
"agradecer";1;1;0,006
"agostinho";0,017;1;1
"advogar";1;1;0,143
"adorno";1;0,023;1
"administrar";1;1;0,143
"adicional";0,243;1;0,854
"adentrar";1;1;0,854
"adaptativo";0,017;1;1
"acolhimento";0,243;1;1
"acima";1;0,023;1
"achado";0,243;1;0,854
"academic";1;1;0,006
"abusivo";0,243;1;1
"abstrato";1;0,023;1
"abrigar";1;0,285;0,854
"*HDLENS2014";1;0;0,773
"*HDLENS2015";1;0,072;0,491
"*HDLENS2016";1;0;0,013
"*HDLENS2017";1;0;0,006
"*HDLENS2018";1;0,324;0
"*HDLENS2019";1;1;0
"*HDLENS2020";1;0,412;0
"*HDLENS2021";1;0;1
"*HDLENS2022";1;1;0,098
"*HDLENS2023";0;1;1
"*HDLENS2024";0;1;1
